업종,신고번호,상호,우편번호,시설주소(지번),시설주소(도로명),시설부지면적(제곱미터),시설면적(제곱미터),건물연면적(제곱미터),건물구조,지역구분,영업구분,최초등록일자,최근변경일자,민원처리여부,민원처리일자,실내여부,지도자1급,지도자2급,지도자3급,운동시설세부,체육도장업분류여부,체육도장업상세분류,등록기준일
수영장업,30101-1994-000001,SJ수영장,,세종특별자치시 연기면 누리리 202-4 ,,,,352,,,영업중,1994-08-27,1994-08-27,,,실외,,,,,N,,2022-11-30
수영장업,30101-2016-000001,키즈월드스위밍클럽,30100,세종특별자치시 아름동,세종특별자치시 세종로 1234-8 6층 (아름동 온드림프라자),,523,,철골콘크리트조,일반상업지역,영업중,2016-05-17,,해결,2016-05-17,실내,,2,,,Y,,2022-11-30
수영장업,30101-2017-000001,보람수영장,30150,세종특별자치시 보람동,세종특별자치시 호려울로 42 (보람동 보람동주민센터),11695,1145,15360,철골콘크리트조,준주거지역,영업중,2017-06-14,,해결,2017-06-14,실내,,2,,,Y,,2022-11-30
수영장업,30101-2017-000002,세종 훼미리랜드 수영장,30054,세종특별자치시 장군면,세종특별자치시 장군면 산학리길 241-5,2438,2438,,,관리지역,영업중,2017-07-26,2021-02-10,해결,2021-02-10,실외,,,,,Y,,2022-11-30
수영장업,30101-2017-000003,키즈월드 스위밍클럽 세종한솔점,30130,세종특별자치시 한솔동 1061 ,세종특별자치시 누리1로 81 지하1층 101호 (한솔동),,454,,철골콘크리트조,전용주거지역,영업중,2017-08-23,,해결,2017-08-23,실내,,2,,,Y,,2022-11-30
수영장업,30101-2018-000001,에듀풀 키즈 스위밍,30121,세종특별자치시 어진동 686 뱅크빌딩 ,세종특별자치시 한누리대로 350 뱅크빌딩 3층 308호 (어진동),,,,철근콘크리트조,,영업중,2018-03-23,,해결,2018-03-23,실내,,1,,,Y,,2022-11-30
수영장업,30101-2018-000002,스윔슐레(세종캠퍼스),30127,세종특별자치시 새롬동 산 6 세종영광프라자 ,세종특별자치시 새롬중앙로 64 세종영광프라자 303304305306호 (새롬동),,553,,,,영업중,2018-04-27,2020-04-28,해결,2020-04-28,실내,,,1,수영조면적 [제곱미터] 280,Y,,2022-11-30
수영장업,30101-2018-000003,조이풀수영장 아름점,30100,세종특별자치시 아름동 1329 다올비즈니스센터 ,세종특별자치시 아름서1길 13-9 다올비즈니스센터 지하1층 101호 (아름동),1933,725,15441,철골콘크리트조,일반상업지역,영업중,2018-05-30,2021-07-28,해결,2021-07-29,실내,,1,,,Y,,2022-11-30
수영장업,30101-2018-000004,다온숲,30012,세종특별자치시 전동면 보덕리 292 ,세종특별자치시 전동면 깊은내길 213,,1035,,,,영업중,2018-07-14,,해결,2018-07-14,실외,,,,수영조면적 [제곱미터] : 1035,Y,,2022-11-30
수영장업,30101-2019-000001,조이풀수영장,30083,세종특별자치시 금남면 용포리 330 ,세종특별자치시 금남면 용포2길 7 더블유빌딩 1층,,,,,,영업중,2019-05-29,2021-06-03,해결,2021-06-03,실내,,,1,,Y,,2022-11-30
수영장업,30101-2019-000002,키즈월드스위밍클럽,30130,세종특별자치시 한솔동 1061 ,세종특별자치시 누리1로 81 목화상가 지하층 1호 (한솔동),,,,,,영업중,2019-06-21,,해결,2019-06-21,실내,,1,,,Y,,2022-11-30
수영장업,30101-2019-000003,한솔동복합커뮤니티센터 정음관 수영장,30130,세종특별자치시 한솔동 961 한솔동 복합커뮤니티센터 정음관 ,세종특별자치시 나리로 57-26 한솔동 복합커뮤니티센터 정음관 1층 (한솔동),4276,1964,8376,철근콘크리트조,일반주거지역,영업중,2019-08-29,,해결,2019-08-29,실내,,2,,수영조면적 [제곱미터] : 462,Y,,2022-11-30
체육도장업,30102-1990-000003,조치원권투체육관,30023,세종특별자치시 조치원읍 교리 25-1 ,세종특별자치시 조치원읍 새내13길 7,,298,,철골조,,영업중,1990-02-01,2009-02-06,해결,2009-02-06,실내,0,0,1,바닥면적 [제곱미터] : 222,Y,권투,2022-11-30
체육도장업,30102-1992-000001,용인대석사체육관,,세종특별자치시 조치원읍 신흥리 77-11 ,세종특별자치시 조치원읍 대첩로 15,291,164,164,,,영업중,1992-03-30,2015-04-28,해결,2015-04-28,실외,,,,,Y,태권도,2022-11-30
체육도장업,30102-1994-000003,충무관검도교실,,세종특별자치시 조치원읍 교리 10-1 ,,,481,1340,목구조,일반주거지역,영업중,1994-06-13,1994-06-13,,,실외,,,,,N,검도,2022-11-30
체육도장업,30102-1994-000005,노형가무술원,,세종특별자치시 부강면 부강리 458-2 ,세종특별자치시 부강면 시장길 37,0,0,0,,,영업중,1994-02-22,,,,실내,0,0,0,,Y,태권도,2022-11-30
체육도장업,30102-1995-000002,세종태권도,,세종특별자치시 조치원읍 침산리 275-5 ,세종특별자치시 조치원읍 문화길 39,238,179,996,,,영업중,1995-05-23,2018-10-04,해결,2018-10-04,실내,,,1,,Y,태권도,2022-11-30
체육도장업,30102-1998-000001,신흥 태권도,30031,세종특별자치시 조치원읍 신흥리 226 ,세종특별자치시 조치원읍 이화로 6-1,,264,,,,영업중,1998-12-03,2011-11-10,해결,2011-11-11,실외,,,,,Y,태권도,2022-11-30
체육도장업,30102-2001-000002,다윗체육관,,세종특별자치시 연기면 연기리 386-2 ,세종특별자치시 연기면 당산로 122-2,,89,,,,영업중,2001-01-05,,,,실외,,,,,Y,태권도,2022-11-30
체육도장업,30102-2004-000001,경희대석사 수덕 태권도,,세종특별자치시 금남면 용포리 122-3 ,세종특별자치시 금남면 용포2길 72,,121,,,,영업중,2004-08-27,2017-11-27,해결,2017-11-28,실외,0,0,1,,Y,태권도,2022-11-30
체육도장업,30102-2006-000001,힘찬 태권 스쿨,30038,세종특별자치시 조치원읍 죽림리 114-1 ,세종특별자치시 조치원읍 세종로 2282 7층 710 711호,2747,298,20137,,,영업중,2006-09-11,2019-06-18,해결,2019-06-18,실외,,,,,Y,태권도,2022-11-30
체육도장업,30102-2006-000002,예도체육관,30032,세종특별자치시 조치원읍 신흥리 398 푸르지오1차 ,세종특별자치시 조치원읍 도원1로 16 상가동 301 302호 (푸르지오1차),,228,,,근린상업지역,영업중,2006-09-29,2019-07-17,해결,2019-07-17,실외,,,,,Y,태권도,2022-11-30
체육도장업,30102-2007-000002,세종 태권 길라잡이,30016,세종특별자치시 조치원읍 신안리 414-5 세종E편한세상 상가201 202호 ,세종특별자치시 조치원읍 섭골길 59 (세종e편한세상아파트),,92,,,,영업중,2007-01-23,2016-03-29,해결,2016-03-29,실외,,,1,,Y,태권도,2022-11-30
체육도장업,30102-2007-000004,엘리트태권도장,,세종특별자치시 연서면 봉암리 209-4 2층 ,세종특별자치시 연서면 당산로 349 (2층),425,184,395,,,영업중,2007-07-27,2021-09-07,해결,2021-09-07,실외,,,,,Y,태권도,2022-11-30
체육도장업,30102-2008-000001,벧엘 태권도장,,세종특별자치시 금남면 용포리 99-1 ,세종특별자치시 금남면 용포중앙1길 30,,,,,,영업중,2008-02-04,2008-02-04,해결,2008-02-04,실외,,,,,Y,태권도,2022-11-30
체육도장업,30102-2008-000002,세종승리태권도,,세종특별자치시 조치원읍 상리 85 ,세종특별자치시 조치원읍 새내10길 87,375,169,493,,,영업중,2008-08-21,2020-05-06,해결,2020-05-06,실내,,,1,,Y,태권도,2022-11-30
체육도장업,30102-2008-000003,도명 태권 마루,30004,세종특별자치시 전의면,세종특별자치시 전의면 읍내길 10,,198,,철골조,일반주거지역,영업중,2008-10-31,2016-11-18,해결,2016-11-21,실내,0,0,1,바닥면적 [제곱미터] : 198,Y,태권도,2022-11-30
체육도장업,30102-2011-000002,자이다이어트 복싱＆태권도,30039,세종특별자치시 조치원읍 죽림리 396-0 자이아파트 상가 301동 B101호,세종특별자치시 조치원읍 도원로 16,84206,,268,철골콘크리트조,전용주거지역,영업중,2011-07-13,,해결,2011-07-13,실외,,,1,바닥면적 [제곱미터] : 181,Y,태권도,2022-11-30
체육도장업,30102-2011-000003,세종 효 태권도,30039,세종특별자치시 조치원읍 죽림리 396 자이아파트 상가동 303호 304호 ,세종특별자치시 조치원읍 도원로 16 (자이아파트 상가동 303 304호),,97,,철골콘크리트조,근린상업지역,영업중,2011-11-15,2017-06-08,해결,2017-06-09,실외,,,,,Y,태권도,2022-11-30
체육도장업,30102-2011-000005,태산키움태권도체육관,,세종특별자치시 장군면 도계리 154-11 ,,343,117,117,철근콘크리트조,관리지역,영업중,2011-10-24,2012-06-28,해결,2020-06-02,실내,0,0,1,,N,태권도,2022-11-30
체육도장업,30102-2012-000002,국가대표 단국대 상무태권도 합기도(첫마을 6단지관),30130,세종특별자치시 한솔동 984 ,세종특별자치시 누리로 27 상가동 201호 (한솔동),,,166,철골콘크리트조,,영업중,2012-07-10,2015-06-30,해결,2015-06-30,실내,,,1,,Y,태권도,2022-11-30
체육도장업,30102-2012-000003,경희대 석사 태권도,30130,세종특별자치시 한솔동 971 첫마을5단지 ,세종특별자치시 누리로 54 208209205호 (한솔동 첫마을5단지),,197,,철근콘크리트조,근린상업지역,영업중,2012-07-19,2018-11-23,해결,2018-11-27,실내,,,1,바닥면적 [제곱미터] : 197,Y,태권도,2022-11-30
체육도장업,30102-2013-000001,경희대 수덕 태권도,30021,세종특별자치시 조치원읍 침산리 89 욱일아파트 ,세종특별자치시 조치원읍 충현로 159 상가동 208 · 209 · 210호 (욱일아파트),,104,,철근콘크리트조,주거지역,영업중,2013-01-03,2017-12-19,해결,2017-12-19,실내,,,1,,Y,태권도,2022-11-30
체육도장업,30102-2013-000003,액티브 태권도 종합무술 도장,30130,세종특별자치시 한솔동 1062 목화상가 ,세종특별자치시 누리1로 83 목화상가 103104호 (한솔동),,118,,,일반상업지역,영업중,2013-06-24,2020-02-07,해결,2020-02-07,실내,,,1,바닥면적 [제곱미터] : 233,Y,태권도,2022-11-30
체육도장업,30102-2013-000005,경희대 가온 태권도,30016,세종특별자치시 조치원읍,세종특별자치시 조치원읍 섭골길 51-39,,153,153,철근콘크리트조,일반주거지역,영업중,2013-08-30,2017-06-16,해결,2017-06-16,실내,,,1,바닥면적 [제곱미터] : 129,Y,태권도,2022-11-30
체육도장업,30102-2014-000002,아름 효 태권스쿨,30100,세종특별자치시 아름동 89 ,세종특별자치시 보듬3로 104-11 (아름동 행복프라자),,255,,,,영업중,2014-03-26,2016-01-06,해결,2016-01-11,실내,,,2,,Y,태권도,2022-11-30
체육도장업,30102-2014-000003,태권짐,30064,세종특별자치시 종촌동 97-4 ,세종특별자치시 달빛로 41 (종촌동),,196,,,,영업중,2014-03-28,2015-02-03,해결,2015-02-03,실외,,,1,,Y,태권도,2022-11-30
체육도장업,30102-2014-000004,한양대청사태권도,30107,세종특별자치시 어진동 610 세종마치 ,세종특별자치시 도움8로 91 세종마치 4층 409410호 (어진동),,124,,,,영업중,2014-04-30,2016-01-05,해결,2016-01-08,실내,,,1,,Y,태권도,2022-11-30
체육도장업,30102-2014-000005,도담 서창 태권도,30098,세종특별자치시 도담동 653 ,세종특별자치시 보듬4로 9 카림 애비뉴1동 315호 (도담동 도램마을11단지),,156,,,,영업중,2014-07-03,2017-04-12,해결,2017-04-12,실외,,,1,,Y,태권도,2022-11-30
체육도장업,30102-2014-000006,창의와 인성 태권도,30100,세종특별자치시 아름동 293 ,세종특별자치시 달빛로 211 (아름동),,97,,,,영업중,2014-08-25,2020-03-02,해결,2020-03-02,실내,,,1,바닥면적 [제곱미터] : 125,Y,태권도,2022-11-30
체육도장업,30102-2014-000007,용인대 석사 태권짐,30100,세종특별자치시 아름동 79-1 ,세종특별자치시 보듬3로 104-19 401402호 (아름동),,232,,,,영업중,2014-10-08,,해결,2014-10-08,실내,,,,바닥면적 [제곱미터] : 232,Y,태권도,2022-11-30
체육도장업,30102-2014-000008,용인대 성민 태권도,30100,세종특별자치시 아름동 1293 ,세종특별자치시 보듬3로 92 5층 (아름동 해피라움2),3220,251,20440,,,영업중,2014-10-13,2017-07-12,해결,2017-07-12,실내,,,1,,Y,태권도,2022-11-30
체육도장업,30102-2014-000009,세종의 아침 태권도,30064,세종특별자치시 종촌동 151-107 ,세종특별자치시 달빛로 59 801802호 (종촌동),,166,,,,영업중,2014-11-06,,해결,2014-11-06,실내,,,1,,Y,태권도,2022-11-30
체육도장업,30102-2015-000001,도담 꿈의 태권도장,30098,세종특별자치시 도담동 381 ,세종특별자치시 보듬2로 43 2층 201202203호 (도담동 현대힐스테이트상가동),,135,,,,영업중,2015-01-28,,해결,2015-01-28,실내,,,1,,Y,태권도,2022-11-30
체육도장업,30102-2015-000002,BOK 태권도,30098,세종특별자치시 도담동 산 56 ,세종특별자치시 보듬8로 39 (도담동),,,,,,영업중,2015-02-09,2020-03-31,해결,2020-03-31,실내,,,1,,Y,태권도,2022-11-30
체육도장업,30102-2015-000003,경희대 차울 태권도,30064,세종특별자치시 종촌동 151-87 ,세종특별자치시 도움3로 105-5 7층 705706호 (종촌동 종촌중앙프라자),,153,,,,영업중,2015-02-24,,해결,2015-02-24,실내,,,1,바닥면적 [제곱미터] : 153,Y,태권도,2022-11-30
체육도장업,30102-2015-000004,드림인성태권도,30063,세종특별자치시 고운동 1722 에이스프라자 ,세종특별자치시 고운서길 13 에이스프라자 501502호 (고운동),,,,,,영업중,2015-03-09,,해결,2015-03-09,실내,,,1,,Y,태권도,2022-11-30
체육도장업,30102-2015-000007,세종의 아침 태권도,30098,세종특별자치시 도담동 653 도램마을11단지 ,세종특별자치시 보듬4로 9 17~18호 (도담동 도램마을11단지),,221,,,,영업중,2015-04-27,2021-04-16,해결,2021-04-19,실내,,1,1,바닥면적 [제곱미터] : 324,Y,태권도,2022-11-30
체육도장업,30102-2015-000008,국가대표 태권도,30064,세종특별자치시 종촌동 산 6 ,세종특별자치시 도움3로 159 B01호 (종촌동),,164,,,,영업중,2015-05-29,,해결,2015-05-29,실내,,1,1,바닥면적 [제곱미터] : 164,Y,태권도,2022-11-30
체육도장업,30102-2015-000009,세종 스포츠 스쿨,30100,세종특별자치시 아름동 산 39 ,세종특별자치시 보듬3로 92 510호 (아름동),,117,,,,영업중,2015-06-03,2015-11-05,해결,2015-11-05,실내,,,1,바닥면적 [제곱미터] : 117,Y,레슬링,2022-11-30
체육도장업,30102-2015-000010,경희대태권도,30130,세종특별자치시 나성동 723 금강프라자 ,세종특별자치시 한누리대로 157 금강프라자 207호 (나성동),,96,,,,영업중,2015-06-20,2017-03-06,해결,2017-03-06,실내,,,1,바닥면적 [제곱미터] : 96,Y,태권도,2022-11-30
체육도장업,30102-2015-000011,용인대 대덕태권도(첫마을관),30130,세종특별자치시 나성동 715 우빈가온 ,세종특별자치시 한누리대로 201 우빈가온 208209호 (나성동),,229,,,,영업중,2015-06-25,2021-08-11,해결,2021-08-11,실내,,,1,,Y,태권도,2022-11-30
체육도장업,30102-2015-000013,머스트윈복싱,30038,세종특별자치시 조치원읍 죽림리 114-1 ,세종특별자치시 조치원읍 세종로 2282 럭스스퀘어 7층 704705호,4769,354,20137,,,영업중,2015-08-12,2020-03-26,해결,2020-03-26,실내,,1,,바닥면적 [제곱미터] : 171,Y,권투,2022-11-30
체육도장업,30102-2015-000014,세종멀티짐(유도),30016,세종특별자치시 조치원읍 신안리 393 ,세종특별자치시 조치원읍 신안새동네2길 15 2층,159,148,299,,,영업중,2015-08-13,2019-03-15,해결,2019-03-15,실내,,,1,바닥면적 [제곱미터] : 92,Y,유도,2022-11-30
체육도장업,30102-2015-000015,경희대 고운 태권도,30062,세종특별자치시 고운동 1373 ,세종특별자치시 마음로 272-3 801802803호 (고운동),892,210,6488,,,영업중,2015-09-07,2019-12-30,해결,2019-12-30,실내,,1,,,Y,태권도,2022-11-30
체육도장업,30102-2015-000016,신세계 검도관,30019,세종특별자치시 조치원읍 서창리 143-3 ,세종특별자치시 조치원읍 세종로 2449 2층 (세종방송),,223,,,,영업중,2015-10-12,,해결,2015-10-12,실내,,1,,,Y,검도,2022-11-30
체육도장업,30102-2015-000017,바로커 태권도 교육관,30029,세종특별자치시 조치원읍 신흥리 88-3 ,세종특별자치시 조치원읍 대첩로 42,,191,,,,영업중,2015-10-14,2021-01-28,해결,2021-01-28,실내,,1,,,Y,태권도,2022-11-30
체육도장업,30102-2015-000019,스타 국가대표 태권도,30063,세종틋별자치시 고운동,세종특별자치시 마음로 152 B동 2층 201202203호 (고운동 가락마을11단지),,101,,,,영업중,2015-10-19,2020-11-10,해결,2020-11-16,실내,,1,,,Y,태권도,2022-11-30
체육도장업,30102-2015-000020,고려 인성 태권도,30062,세종특별자치시 고운동 산 97 ,세종특별자치시 마음안1로 155 701702호 (고운동 성진프라자),,192,,,,영업중,2015-10-19,,해결,2015-10-19,실내,,,1,바닥면적 [제곱미터] : 192,Y,태권도,2022-11-30
체육도장업,30102-2015-000021,대한 권투 체육관,30100,세종특별자치시 아름동 1296 ,세종특별자치시 보듬3로 100 406호 (아름동 해피라움1),,181,,,,영업중,2015-11-25,2016-11-08,해결,2016-11-10,실내,,1,,바닥면적 [제곱미터] : 181,Y,권투,2022-11-30
체육도장업,30102-2015-000022,원펀치복싱클럽,30100,세종특별자치시 도담동 669 ,세종특별자치시 보듬3로 8-11 (도담동 세종JM빌딩),,173,,,,영업중,2015-11-30,,해결,2015-11-30,실내,,,1,바닥면적 [제곱미터] : 173,Y,권투,2022-11-30
체육도장업,30102-2015-000023,용인대 백호 태권도장,30029,세종특별자치시 조치원읍 신흥리 72-4 ,세종특별자치시 조치원읍 대동학교길 26,,136,,,,영업중,2015-12-17,,해결,2015-12-17,실내,,1,,바닥면적 [제곱미터] : 136,Y,태권도,2022-11-30
체육도장업,30102-2016-000001,도담태권도,30098,세종특별자치시 도담동 181 1015동 116호,세종특별자치시 보듬4로 20 (도담동 도램마을 10단지),,74,,,,영업중,2016-01-07,,,,실내,,,1,,Y,태권도,2022-11-30
체육도장업,30102-2016-000002,경희대 석사 태권도,30100,세종특별자치시 아름동 1297 326동 2034호,세종특별자치시 달빛1로 201 (아름동 범지기마을3단지),,144,,,,영업중,2016-01-08,,해결,2016-01-08,실내,,1,,,Y,태권도,2022-11-30
체육도장업,30102-2016-000004,k타이거즈,30062,세종특별자치시 고운동 1379 ,세종특별자치시 마음로 272-22 1동 7층 703호외2호 (고운동 고운드림),,,,철근콘크리트조,근린상업지역,영업중,2016-02-26,,해결,2016-02-26,실내,,,1,바닥면적  : 281,Y,태권도,2022-11-30
체육도장업,30102-2016-000005,무궁화태권도장,30100,세종특별자치시 아름동,세종특별자치시 달빛로 222 2층 (아름동),,,,,전용주거지역,영업중,2016-03-11,,해결,2016-03-11,실내,,,1,바닥면적 [제곱미터] : 149,Y,태권도,2022-11-30
체육도장업,30102-2016-000007,세종복싱,30063,세종특별자치시 고운동 1717 세종 스마트큐브Ⅰ ,세종특별자치시 고운서길 19 세종 스마트큐브Ⅰ 801802803호 (고운동),,258,,,근린상업지역,영업중,2016-05-03,2018-09-18,해결,2018-09-19,실외,,,1,바닥면적 [제곱미터] : 229,Y,권투,2022-11-30
체육도장업,30102-2016-000008,무궁화 태권도장 세종본관,30150,세종특별자치시 소담동 32-7 ,세종특별자치시 남세종로 358 (소담동 한양수자인),,155,1213,철근콘크리트조,일반주거지역,영업중,2016-06-12,2016-10-31,해결,2016-11-01,실외,1,,,,Y,태권도,2022-11-30
체육도장업,30102-2016-000010,세종 홍복싱 MMA멀티짐,30064,세종특별자치시 종촌동,세종특별자치시 도움1로 106 6층 608호 (종촌동 메가시티),,,,,근린상업지역,영업중,2016-07-18,,해결,2016-07-18,실내,,,1,바닥면적 [제곱미터] : 161,Y,권투,2022-11-30
체육도장업,30102-2016-000011,행복한동행 전의 태권도장,30004,세종특별자치시 전의면,세종특별자치시 전의면 동교동촌2길 2 2층,318,,365,철근콘크리트조,일반주거지역,영업중,2016-09-19,,해결,2016-09-19,실내,,,1,바닥면적 [제곱미터] : 162,Y,태권도,2022-11-30
체육도장업,30102-2016-000012,세종제일검도관,30150,세종특별자치시 보람동 751 골드타워 ,세종특별자치시 호려울로 51 골드타워 507508호 (보람동),263,176,,경량철골조,일반주거지역,영업중,2016-10-05,2021-01-07,해결,2021-01-07,실외,,1,,,Y,검도,2022-11-30
체육도장업,30102-2016-000013,무궁화태권도장 세종본관 2교육관,30151,세종특별자치시 소담동 236 ,세종특별자치시 시청대로 236 B동 1층 130131132호 (소담동 새샘마을3단지),,167,1897,철근콘크리트조,일반주거지역,영업중,2016-10-06,2020-10-05,해결,2020-10-05,실내,,,1,,Y,태권도,2022-11-30
체육도장업,30102-2016-000014,휘영찬 태권도장,30100,세종특별자치시 아름동,세종특별자치시 아름서1길 13-3 501502호 (아름동 영토프라자),,,,,,영업중,2016-11-07,2018-09-17,해결,2018-09-17,실내,,,1,바닥면적 [제곱미터] : 257,Y,태권도,2022-11-30
체육도장업,30102-2016-000016,국가대표 부강 태권도,30076,세종특별자치시 부강면 부강리 431-5 ,세종특별자치시 부강면 부강로 33,434,434,1678,철골콘크리트조,일반주거지역,영업중,2016-12-22,2018-05-18,해결,2018-05-21,실내,,,1,,Y,태권도,2022-11-30
체육도장업,30102-2017-000002,용인대 꿈누리 태권도,30150,세종특별자치시 보람동 700-76 ,세종특별자치시 남세종로 462 6층 601호 (보람동 위너스타워),,191,,철골콘크리트조,일반상업지역,영업중,2017-02-10,,해결,2017-02-10,실내,,,1,,Y,태권도,2022-11-30
체육도장업,30102-2017-000003,US태권도,30107,세종특별자치시 어진동 608 세종일번가 ,세종특별자치시 도움8로 81 세종일번가 A동 410호 (어진동),,105,,,,영업중,2017-02-17,2019-01-15,해결,2019-01-15,실내,,,1,,Y,태권도,2022-11-30
체육도장업,30102-2017-000004,MTA 코리아 태권도장,30150,세종특별자치시 소담동 37-8 ,세종특별자치시 소담1로 12 (소담동 지엘플렉스1),,219,10678,철골콘크리트조,일반상업지역,영업중,2017-02-18,2020-04-20,해결,2020-04-20,실내,,1,,,Y,태권도,2022-11-30
체육도장업,30102-2017-000005,용인대 대덕 태권도(소담관),30150,세종특별자치시 소담동 37-8 ,세종특별자치시 소담1로 12 6층 605 606호 (소담동 지엘플렉스1),,209,10687,철골콘크리트조,일반상업지역,영업중,2017-02-21,2021-08-12,해결,2021-08-12,실내,,1,,,Y,태권도,2022-11-30
체육도장업,30102-2017-000006,타이거태권도(보람관),30150,세종특별자치시 보람동 700-74 네이버타워 ,세종특별자치시 호려울로 9 네이버타워 6층 610~611호 (보람동),277,277,,철골콘크리트조,일반상업지역,영업중,2017-02-28,2019-07-26,해결,2019-10-08,실내,,,1,,Y,태권도,2022-11-30
체육도장업,30102-2017-000007,무궁화태권도장 3교육관,30150,세종특별자치시 소담동 9-169 지엘플렉스2 ,세종특별자치시 소담1로 16 지엘플렉스2 207208호 (소담동),,172,,철골콘크리트조,일반상업지역,영업중,2017-03-07,2019-12-26,해결,2019-12-26,실내,,1,,,Y,태권도,2022-11-30
체육도장업,30102-2017-000008,용인대 SK 태권도,30126,세종특별자치시 새롬동 341-92 ,세종특별자치시 새롬중앙로 47 3층 301호 (새롬동 세움빌딩),,159,,철근콘크리트조,근린상업지역,영업중,2017-03-21,,해결,2017-03-21,실내,,,,,Y,태권도,2022-11-30
체육도장업,30102-2017-000009,가온누리태권도,30064,세종특별자치시 종촌동 653 ,세종특별자치시 도움3로 68 3층 (종촌동),,144,,철골콘크리트조,,영업중,2017-03-22,,해결,2017-03-22,실내,,1,,바닥면적 [제곱미터] : 144,Y,태권도,2022-11-30
체육도장업,30102-2017-000011,새빛 태권도,30126,세종특별자치시 새롬동 341-92 세움빌딩 ,세종특별자치시 새롬중앙로 47 세움빌딩 601 602호 (새롬동),,240,,철골콘크리트조,근린상업지역,영업중,2017-04-19,2018-04-04,해결,2018-04-05,실내,,,1,,Y,태권도,2022-11-30
체육도장업,30102-2017-000012,포올연구소,30130,세종특별자치시 나성동 713 ,세종특별자치시 한누리대로 207 207호 (나성동 세진이너스빌),,119,,철골콘크리트조,중심상업지역,영업중,2017-05-08,2019-01-23,해결,2019-01-24,실내,,1,,바닥면적 [제곱미터] : 119,Y,태권도,2022-11-30
체육도장업,30102-2017-000013,MTA 엘리트 태권도,30150,세종특별자치시 보람동 700-1 ,세종특별자치시 남세종로 469 (보람동 호려울마을4단지),96,96,,철골콘크리트조,일반주거지역,영업중,2017-05-08,,해결,2017-05-08,실내,,1,,바닥면적 [제곱미터] : 119,Y,태권도,2022-11-30
체육도장업,30102-2017-000015,경희대석사 효 태권도,30126,세종특별자치시 새롬동 산 25 새롬빌딩 ,세종특별자치시 새롬중앙로 59 새롬빌딩 304305호 (새롬동),,241,,,,영업중,2017-05-25,2020-03-23,해결,2020-03-23,실내,,,1,,Y,태권도,2022-11-30
체육도장업,30102-2017-000016,세종가온누리검도관,30063,세종특별자치시 고운동 1719 805호,세종특별자치시 마음로 74 805호 (고운동 그랜드프라자),1354,,133,철골콘크리트조,근린상업지역,영업중,2017-05-31,2017-07-25,해결,2017-07-25,실내,,1,,바닥면적 [제곱미터] : 133,Y,검도,2022-11-30
체육도장업,30102-2017-000018,용인대 새봄 태권도,30126,세종특별자치시 새롬동 산 21 ,세종특별자치시 새롬중앙로 51 4층 (새롬동 에스월드빌딩),,724,,철근콘크리트조,근린상업지역,영업중,2017-07-04,2020-09-04,해결,2020-09-04,실내,,1,,,Y,태권도,2022-11-30
체육도장업,30102-2017-000019,새뜸검도관,30128,세종특별자치시 나성동 361-79 ,세종특별자치시 나성북1로 12 806호 (나성동 메가타워2),,155,,철골콘크리트조,중심상업지역,영업중,2017-07-11,2021-06-03,해결,2021-06-03,실내,,,3,,Y,검도,2022-11-30
체육도장업,30102-2017-000020,용인대 성민태권도,30127,세종특별자치시 새롬동 산 19 ,세종특별자치시 새롬중앙로 62-15 501502호 (새롬동 해피라움W),,,,철근콘크리트조,근린상업지역,영업중,2017-07-12,2019-12-24,해결,2019-12-24,실내,,1,,,Y,태권도,2022-11-30
체육도장업,30102-2017-000021,세종 무궁화 태권도(천군관),30127,세종특별자치시 새롬동 341-74 크리스마스빌딩 606호,세종특별자치시 새롬중앙로 34 크리스마스빌딩 6층 606호 (새롬동),,143,,철골콘크리트조,근린상업지역,영업중,2017-08-08,2018-05-09,해결,2018-05-09,실내,,,1,바닥면적 [제곱미터] : 143,Y,태권도,2022-11-30
체육도장업,30102-2017-000022,글로벌태권도 교육연맹 직영 세종도장,30064,세종특별자치시 종촌동 672 메가시티 ,세종특별자치시 도움1로 106 메가시티 317318호 (종촌동),4529,183,,철골콘크리트조,근린상업지역,영업중,2017-09-25,2018-06-25,해결,2018-06-25,실내,,1,,바닥면적 [제곱미터] : 91,Y,태권도,2022-11-30
체육도장업,30102-2017-000023,챔피언태권도,30063,세종특별자치시 고운동 1720 에셀프라자 ,세종특별자치시 마음로 70 407호 (고운동),1408,144,9996,철골콘크리트조,근린상업지역,영업중,2017-10-13,2018-03-22,해결,2018-03-22,실내,,1,,,Y,태권도,2022-11-30
체육도장업,30102-2017-000024,에이펙스,30150,세종특별자치시 보람동 629-5 스마트허브4 ,세종특별자치시 남세종로 446 스마트허브4 305306호 (보람동),,285,,철골콘크리트조,일반상업지역,영업중,2017-10-19,2019-03-26,해결,2019-03-26,실내,,,1,바닥면적 [제곱미터] : 192,Y,태권도,2022-11-30
체육도장업,30102-2017-000025,경희대 석사 태비 태권도,30150,세종특별자치시 보람동 629-5 보람빌딩 ,세종특별자치시 남세종로 450 보람빌딩 607608호 (보람동),,170,,철골콘크리트조,일반상업지역,영업중,2017-12-08,,해결,2017-12-08,실내,,1,,,Y,태권도,2022-11-30
체육도장업,30102-2017-000026,세종 고운 검도관,30062,세종특별자치시 고운동 1373 ,세종특별자치시 마음로 272-3 고운에듀프라자 505호 (고운동),,145,892,철근콘크리트조,근린상업지역,영업중,2017-12-18,2020-12-22,해결,2020-12-25,실외,,1,,,Y,검도,2022-11-30
체육도장업,30102-2017-000027,고운 하늘 태권도,30063,세종특별자치시 고운동 1719 그랜드프라자 405호,세종특별자치시 마음로 74 그랜드프라자 4층 405호 (고운동),222,,,,상업지역,영업중,2017-12-21,,해결,2017-12-21,실내,,,1,,Y,태권도,2022-11-30
체육도장업,30102-2017-000028,고려 태권도 체육관,30123,세종특별자치시 다정동 7-2 페스티발2 ,세종특별자치시 다정중앙로 52 페스티발2 502503호 (다정동),,101,,철골콘크리트조,근린상업지역,영업중,2017-12-28,2020-02-20,해결,2020-02-19,실내,,,1,,Y,태권도,2022-11-30
체육도장업,30102-2018-000001,경희대 아인 태권도,30126,세종특별자치시 새롬동 341-105 새뜸프라자 ,세종특별자치시 새롬중앙로 33 새뜸프라자 5층 508509호 (새롬동),1708,182,10472,철근콘크리트조,근린상업지역,영업중,2018-01-05,,해결,2018-01-05,실내,,1,,바닥면적 [제곱미터] : 182,Y,태권도,2022-11-30
체육도장업,30102-2018-000002,세종의 아침 태권도,30124,세종특별자치시 다정동 6-5 다정센타프라자 ,세종특별자치시 다정중앙로 57 다정센타프라자 606호 (다정동),,119,,철근콘크리트조,근린상업지역,영업중,2018-01-23,2020-03-16,해결,2020-03-16,실내,,1,,,Y,태권도,2022-11-30
체육도장업,30102-2018-000003,다정태권도,30123,세종특별자치시 다정동 6-3 다정메디프라자 ,세종특별자치시 다정중앙로 58 다정메디프라자 406호 (다정동),116,116,,철근콘크리트조,근린상업지역,영업중,2018-01-26,2019-12-30,해결,2019-12-30,실내,,1,,,Y,태권도,2022-11-30
체육도장업,30102-2018-000005,대평경희대태권도,30153,세종특별자치시 대평동 266-6 해들마을2단지 ,세종특별자치시 대평1길 37 2층 204호 (대평동 해들마을2단지),,102,,,,영업중,2018-03-09,,해결,2018-03-09,실내,,,1,,Y,태권도,2022-11-30
체육도장업,30102-2018-000006,경희대새움태권도,30123,세종특별자치시 다정동 938 리치타워 ,세종특별자치시 다정중앙로 40 리치타워 411호 (다정동),,159,,,,영업중,2018-03-19,2021-06-28,해결,2021-06-28,실내,,,1,,Y,태권도,2022-11-30
체육도장업,30102-2018-000008,세계로태권도,30123,세종특별자치시 다정동 7-2 페스티발2 ,세종특별자치시 다정중앙로 52 페스티발2 6층 612호 (다정동),,99,,,,영업중,2018-04-12,,해결,2018-04-12,실내,,,1,,Y,태권도,2022-11-30
체육도장업,30102-2018-000009,경희대 태권도(다정동),30124,세종특별자치시 다정동 산 29 가온마을2단지 2012호,세종특별자치시 다정북로 110 201202호 (다정동 가온마을2단지),,98,,,,영업중,2018-04-23,2019-11-12,해결,2019-11-13,실내,,1,,,Y,태권도,2022-11-30
체육도장업,30102-2018-000010,다정MBA태권도,30124,세종특별자치시 다정동 38-4 가온마을1단지 ,세종특별자치시 다정남로 22 129호 (다정동 가온마을1단지),,67,,,,영업중,2018-04-24,2020-01-29,해결,2020-01-29,실내,,1,,바닥면적 [제곱미터] : 105,Y,태권도,2022-11-30
체육도장업,30102-2018-000011,하나태권도,30124,세종특별자치시 다정동 6-7 페스티발1 ,세종특별자치시 다정중앙로 53 페스티발1 5층 507508호 (다정동),,138,,,,영업중,2018-05-01,,해결,2018-05-01,실내,,1,,바닥면적 [제곱미터] : 138,Y,태권도,2022-11-30
체육도장업,30102-2018-000012,교동태권도,30024,세종특별자치시 조치원읍 교리 7-4 ,세종특별자치시 조치원읍 새내18길 30 1층,235,131,395,철골콘크리트조,근린상업지역,영업중,2018-05-03,,해결,2018-05-03,실내,,1,,,Y,태권도,2022-11-30
체육도장업,30102-2018-000013,세종검도관,30037,세종특별자치시 조치원읍 죽림리 210-5 2층 ,세종특별자치시 조치원읍 도장말길 48 2층,374,217,653,철골콘크리트조,주거지역,영업중,2018-06-26,2020-09-01,해결,2020-09-01,실내,,,1,,Y,검도,2022-11-30
체육도장업,30102-2018-000014,아리솔 태권도,30152,세종특별자치시 대평동 63-14 해비치빌딩 ,세종특별자치시 대평로 75 해비치빌딩 4층 401~403호 (대평동),,238,,,,영업중,2018-07-25,,해결,2018-07-25,실내,,1,,바닥면적 [제곱미터] : 238,Y,태권도,2022-11-30
체육도장업,30102-2018-000015,용인대 국가대표 해들 태권도,30153,세종특별자치시 대평동 142-1 판타지타워 ,세종특별자치시 한누리대로 2257 판타지타워 2층 209호 (대평동),,102,,,,영업중,2018-07-31,2021-01-05,해결,2021-01-05,실내,1,,,바닥면적 [제곱미터] : 102,Y,태권도,2022-11-30
체육도장업,30102-2018-000016,연세 백호 태권도,30101,세종특별자치시 고운동 1393 가락마을15단지 ,세종특별자치시 마음안로 190 201202호 (고운동 가락마을15단지),,94,644,철근콘크리트조,일반주거지역,영업중,2018-08-13,2019-12-17,해결,2019-12-17,실내,,1,,바닥면적 [제곱미터] : 94,Y,태권도,2022-11-30
체육도장업,30102-2018-000017,용인대 한빛 태권도,30100,세종특별자치시 도담동 683 도램마을3단지 ,세종특별자치시 다솜1로 184 1층 102호 (도담동 도램마을3단지),,70,,,,영업중,2018-08-23,2020-06-04,해결,2020-06-04,실내,,,1,바닥면적 [제곱미터] : 70,Y,태권도,2022-11-30
체육도장업,30102-2018-000018,세종 익사이팅 복싱,30150,세종특별자치시 보람동 629-2 금남프라자 ,세종특별자치시 호려울로 45 금남프라자 706 707 708호 (보람동),231,,,,,영업중,2018-12-14,,해결,2018-12-14,실내,,1,,바닥면적 [제곱미터] : 231,Y,권투,2022-11-30
체육도장업,30102-2019-000001,글로벌 태권도장,30150,세종특별자치시 보람동 628-7 아리랑빌딩 ,세종특별자치시 남세종로 458 아리랑빌딩 7층 703 704호 (보람동),,163,,,,영업중,2019-01-11,,해결,2019-01-11,실외,,1,,,Y,태권도,2022-11-30
체육도장업,30102-2019-000002,세종 용인대 충무유도관,30063,세종특별자치시 고운동 1719 그랜드프라자 ,세종특별자치시 마음로 74 그랜드프라자 1동 605호 (고운동),1354,167,9074,철근콘크리트조,근린상업지역,영업중,2019-01-23,2020-12-07,해결,2020-12-10,실내,,,1,바닥면적 [제곱미터] : 165,Y,유도,2022-11-30
체육도장업,30102-2019-000003,세종TOP검도관,30127,세종특별자치시 새롬동 341-74 크리스마스빌딩 613호 614호 ,세종특별자치시 새롬중앙로 34 크리스마스빌딩 (새롬동),,236,,,,영업중,2019-03-26,2021-01-05,해결,2021-01-05,실내,,1,,,Y,검도,2022-11-30
체육도장업,30102-2019-000004,타이거태권도장,30063,세종특별자치시 고운동 1729 가락마을1단지 ,세종특별자치시 마음로 67 상가동 2층 220호 (고운동 가락마을1단지),54854,186,3299,철근콘크리트조,일반주거지역,영업중,2019-04-23,,해결,2019-04-23,실내,,,1,바닥면적 [제곱미터] : 186,Y,태권도,2022-11-30
체육도장업,30102-2019-000005,KTI 멘토 태권도장,30124,세종특별자치시 다정동 38-4 가온마을1단지 ,세종특별자치시 다정남로 22 1층 107108호 (다정동 가온마을1단지),,,,,,영업중,2019-06-17,2019-11-07,해결,2019-11-07,실내,,1,,,Y,태권도,2022-11-30
체육도장업,30102-2019-000006,경희대 금강태권도,30146,세종특별자치시 반곡동 45-14 시드니블루 ,세종특별자치시 한누리대로 1828 시드니블루 209210호 (반곡동),3181,149,,철근콘크리트조,일반상업지역,영업중,2019-10-22,2020-02-11,해결,2020-02-11,실내,,1,,,Y,태권도,2022-11-30
체육도장업,30102-2019-000007,히트복싱,30127,세종특별자치시 새롬동 산 6 세종영광프라자 ,세종특별자치시 새롬중앙로 64 세종영광프라자 405호 (새롬동),,228,,철근콘크리트조,근린상업지역,영업중,2019-11-01,,해결,2019-11-01,실내,,1,,,Y,권투,2022-11-30
체육도장업,30102-2019-000008,Dream of Judo 세종유도관,30100,세종특별자치시 아름동 1296 해피라움1 ,세종특별자치시 보듬3로 100 해피라움1 304305호 (아름동),2088,198,13297,철근콘크리트조,근린상업지역,영업중,2019-11-26,,해결,2019-11-26,실내,,1,,바닥면적 [제곱미터] : 198,Y,유도,2022-11-30
체육도장업,30102-2020-000001,무적합기도전문체육관,30001,세종특별자치시 소정면 소정리 52-4 ,세종특별자치시 소정면 소정구길 196,328,196,196,경량철골조,,영업중,2020-02-11,,해결,2020-02-11,실내,,1,,,Y,합기도,2022-11-30
체육도장업,30102-2020-000002,화랑합기도,30031,세종특별자치시 조치원읍 신흥리 172-4 2층 ,세종특별자치시 조치원읍 도원2로 39 2층,813,188,,철골조,일반주거지역,영업중,2020-02-27,,해결,2020-02-27,실외,,,,,Y,합기도,2022-11-30
체육도장업,30102-2020-000003,세종 합기도 천지관,30123,세종특별자치시 다정동 938 리치타워 ,세종특별자치시 다정중앙로 40 리치타워 501호 (다정동),,92,,,,영업중,2020-03-03,2021-08-24,해결,2021-08-24,실내,,,,바닥면적 [제곱미터] : 168,Y,합기도,2022-11-30
체육도장업,30102-2020-000004,몬스터 합기도 주짓수,30062,세종특별자치시 고운동 1376 테라스 힐 빌딩 ,세종특별자치시 마음로 272-11 테라스 힐 빌딩 4층 401호 (고운동),,133,1355,,,영업중,2020-03-04,,해결,2020-03-04,실내,,1,,바닥면적 [제곱미터] : 133,Y,합기도,2022-11-30
체육도장업,30102-2020-000005,원앙태권도,30001,세종특별자치시 소정면 소정리 196-10 ,세종특별자치시 소정면 소정구길 169 3층,,125,1304,,,영업중,1999-11-04,2020-03-13,해결,2020-03-13,실외,,,,,Y,태권도,2022-11-30
체육도장업,30102-2020-000006,합기도 천지관 충효체육관,30063,세종특별자치시 고운동 1720 에셀프라자 ,세종특별자치시 마음로 70 에셀프라자 607호 (고운동),1408,889,9996,철근콘크리트조,근린상업지역,영업중,2020-03-27,,해결,2020-03-27,실외,,,1,,Y,합기도,2022-11-30
체육도장업,30102-2020-000007,금메달 태권도,30124,세종특별자치시 다정동 7-3 더다정빌딩 ,세종특별자치시 다정중앙로 51 더다정빌딩 605호 (다정동),,115,,,,영업중,2020-04-10,,해결,2020-04-10,실내,,1,,,Y,태권도,2022-11-30
체육도장업,30102-2020-000008,용인대 성민 태권도(반곡관),30146,세종특별자치시 반곡동 49-14 왕관빌딩 ,세종특별자치시 한누리대로 1820 왕관빌딩 212213호 (반곡동),,167,,철근콘크리트조,상업지역,영업중,2020-04-17,2020-09-03,해결,2020-09-03,실내,,,1,,Y,태권도,2022-11-30
체육도장업,30102-2020-000009,흑추관 슈퍼K 합기도스쿨,30100,세종특별자치시 아름동 1316 송남빌딩 ,세종특별자치시 보듬3로 154 송남빌딩 4층 402호 (아름동),442,248,7237,철근콘크리트조,근린상업지역,영업중,2020-04-17,2020-05-06,해결,2020-05-06,실내,,,,바닥면적 [제곱미터] : 248,Y,합기도,2022-11-30
체육도장업,30102-2020-000010,글로벌태권도장 소담관,30148,세종특별자치시 소담동 산 7 레전드타워 ,세종특별자치시 소담로 70 레전드타워 406호 (소담동),,149,,,,영업중,2020-05-21,2021-02-17,해결,2021-02-17,실내,,1,,,Y,태권도,2022-11-30
체육도장업,30102-2020-000011,신화합기도,30150,세종특별자치시 보람동 628-7 강남제일타워 ,세종특별자치시 남세종로 454 강남제일타워 704-2705호 (보람동),,,,,,영업중,2020-06-15,2020-06-18,해결,2020-06-18,실내,,,,바닥면적 [제곱미터] : 50,Y,합기도,2022-11-30
체육도장업,30102-2020-000012,부강 합기도,30075,세종특별자치시 부강면 부강리 439-2 하나로마트 ,세종특별자치시 부강면 부강로 32 하나로마트 2층,,82,,,,영업중,2020-06-25,,해결,2020-06-25,실내,,,,,Y,합기도,2022-11-30
체육도장업,30102-2020-000013,신화합기도 소담관,30150,세종특별자치시 소담동 9-169 지엘플렉스2 ,세종특별자치시 소담1로 16 지엘플렉스2 303호 (소담동),,101,,,,영업중,2020-06-25,,해결,2020-06-25,실내,,,,,Y,합기도,2022-11-30
체육도장업,30102-2020-000014,다정 MBA 태권도(2관),30124,세종특별자치시 다정동 9-3 다정센터프라자2 ,세종특별자치시 다정중앙로 39 다정센터프라자2 608~609호 (다정동),,148,,,,영업중,2020-06-30,2021-08-17,해결,2021-08-17,실내,,1,,,Y,태권도,2022-11-30
체육도장업,30102-2020-000015,용술관 백인 합기도,30100,세종특별자치시 아름동 1296 해피라움1 ,세종특별자치시 보듬3로 100 해피라움1 1동 208호 (아름동),,96,,철근콘크리트조,근린상업지역,영업중,2020-07-08,,해결,2020-07-08,실내,,1,,바닥면적 [제곱미터] : 96,Y,합기도,2022-11-30
체육도장업,30102-2020-000016,김정완 챔피언짐,30083,세종특별자치시 금남면 용포리 193-34 ,세종특별자치시 금남면 용포로 80 3층,221,176,761,철근콘크리트조,일반상업지역,영업중,2020-09-23,,해결,2020-09-23,실내,,1,,바닥면적 [제곱미터] : 176,Y,권투,2022-11-30
체육도장업,30102-2020-000017,세종 김진 검도관,30150,세종특별자치시 보람동 628-7 아리랑빌딩 ,세종특별자치시 남세종로 458 아리랑빌딩 201202호 (보람동),,191,7979,철근콘크리트조,일반상업지역,영업중,2020-10-22,,해결,2020-10-22,실내,,1,,,Y,검도,2022-11-30
체육도장업,30102-2020-000018,세종의 아침 태권도 해밀관,30092,세종특별자치시 해밀동 산 8 해밀마을1단지 ,세종특별자치시 해밀3로 32 127호 (해밀동 해밀마을1단지),,,3636,철근콘크리트조,,영업중,2020-10-30,,해결,2020-10-30,실내,,,1,바닥면적 [제곱미터] : 75,Y,태권도,2022-11-30
체육도장업,30102-2021-000001,운동과학연구센터,30147,세종특별자치시 반곡동 308 알파타워 ,세종특별자치시 국책연구원2로 18 알파타워 609~611호 (반곡동),1399,248,12655,철근콘크리트조,,영업중,2021-03-02,,해결,2021-03-02,실내,,1,,바닥면적 [제곱미터] : 248,Y,태권도,2022-11-30
체육도장업,30102-2021-000002,명품합기도,30098,세종특별자치시 도담동 653 도램마을11단지 ,세종특별자치시 보듬4로 9 1920호 (도담동 도램마을11단지),,181,,,,영업중,2021-04-19,,해결,2021-04-19,실내,,,,,Y,합기도,2022-11-30
체육도장업,30102-2021-000003,YG BOXING짐,30151,세종특별자치시 소담동 543 사이언스타운 ,세종특별자치시 한누리대로 2018 사이언스타운 204~206호 (소담동),1519,273,10337,철근콘크리트조,일반상업지역,영업중,2021-04-27,2021-06-16,해결,2021-06-16,실내,,1,,바닥면적 [제곱미터] : 273,Y,권투,2022-11-30
체육도장업,30102-2021-000004,세종복싱 나성점,30128,세종특별자치시 나성동 800 센트럴타워 ,세종특별자치시 나성북로 21 센트럴타워 10031004호 (나성동),1628,280,13431,철근콘크리트조,중심상업지역,영업중,2021-05-06,,해결,2021-05-06,실내,,1,,,Y,권투,2022-11-30
체육도장업,30102-2021-000005,히트유도관,30127,세종특별자치시 새롬동 574 크리스마스빌딩 ,세종특별자치시 새롬중앙로 34 크리스마스빌딩 418호 (새롬동),4700,124,29900,철근콘크리트조,근린상업지역,영업중,2021-05-10,,해결,2021-05-10,실내,,1,,,Y,유도,2022-11-30
체육도장업,30102-2021-000006,세종의 아침 태권도(나성관),30128,세종특별자치시 나성동 800 센트럴타워 ,세종특별자치시 나성북로 21 센트럴타워 504호 (나성동),1628,182,13431,철근콘크리트조,중심상업지역,영업중,2021-07-01,,해결,2021-07-01,실내,,1,,,Y,태권도,2022-11-30
체육도장업,30102-2021-000007,금강태권도,30128,세종특별자치시 나성동 384 더센트럴 ,세종특별자치시 나성로 96 더센트럴 501호 (나성동),9127,189,49678,철근콘크리트조,,영업중,2021-07-15,,해결,2021-07-15,실외,,1,,,Y,태권도,2022-11-30
,30103-2004-000001,현대당구장,,세종특별자치시 부강면 부강리 469-0 ,세종특별자치시 부강면 부강5길 9,0,0,0,,,영업중,2004-09-04,2018-03-07,해결,2018-03-09,실내,0,0,0,,Y,,2022-11-30
골프연습장업,30105-1993-000001,홍익대학교 골프연습장,,세종특별자치시 조치원읍 신안리 254-4 ,세종특별자치시 조치원읍 금이로 53-14,,3427,3427,,,영업중,1993-11-16,2019-10-23,해결,2019-10-23,실외,,,,,Y,,2022-11-30
골프연습장업,30105-2002-000001,세종에머슨(주),,세종특별자치시 전의면 유천리 216-1 ,세종특별자치시 전의면 운주산로 1510,,6129,,,,영업중,2002-09-24,2019-04-23,해결,2019-04-23,실외,,,,,Y,,2022-11-30
골프연습장업,30105-2003-000001,T골프 & AD,30027,세종특별자치시 조치원읍,세종특별자치시 조치원읍 새내8길 22-13 102동 B05 B07 B08 B09호,,267,407,철골콘크리트조,근린상업지역,영업중,2003-03-10,2019-04-02,해결,2019-04-02,실외,,,,타석수 [석] : 5,Y,,2022-11-30
골프연습장업,30105-2003-000002,문화골프클럽,,세종특별자치시 조치원읍 서창리 48-1 ,세종특별자치시 조치원읍 새내로 223-1,9880,1312,1312,철골조,자연녹지지역,영업중,2003-10-17,2003-10-17,해결,2003-10-17,실외,,,2,타석수 [석] : 38,Y,,2022-11-30
골프연습장업,30105-2008-000001,시원 스크린 골프연습장,30031,세종특별자치시 조치원읍 신흥리 228-1 세종메디컬프라자 ,세종특별자치시 조치원읍 대첩로 75 세종메디컬프라자,2254,641,6614,철골콘크리트조,일반주거지역,영업중,2008-10-23,2018-03-07,해결,2018-03-07,실내,,,1,타석수 [석] : 12,Y,,2022-11-30
골프연습장업,30105-2010-000001,에이스 스크린,,세종특별자치시 부강면 부강리 418-9 2층 ,세종특별자치시 부강면 부강로 41 (2층),656,290,1173,철골조,일반주거지역,영업중,2010-07-14,,해결,2010-07-14,실내,0,0,0,타석수 [석] : 5,Y,,2022-11-30
골프연습장업,30105-2011-000002,스카이 스크린골프,30034,세종특별자치시 조치원읍 죽림리 102 조치원GR빌딩 301호,세종특별자치시 조치원읍 군청로 86 조치원GR빌딩 3층 301호,503,281,,철골콘크리트조,근린상업지역,영업중,2011-12-08,2021-05-10,해결,2021-05-10,실내,,,,타석수 [석] : 4,Y,,2022-11-30
골프연습장업,30105-2012-000001,굿샷스크린골프존,30020,세종특별자치시 조치원읍 침산리 276-2 ,세종특별자치시 조치원읍 문화2길 66,678,403,403,경량철골조,일반주거지역,영업중,2012-04-20,2019-01-16,해결,2019-01-16,실내,,,,타석수 [석] : 7,Y,,2022-11-30
골프연습장업,30105-2012-000002,버디스크린골프,30018,세종특별자치시 조치원읍 서창리 73-3 ,세종특별자치시 조치원읍 충현로 214,1017,403,403,철근콘크리트조,자연녹지지역,영업중,2012-10-19,,해결,2017-08-17,실내,,,,타석수 [석] : 7,Y,,2022-11-30
골프연습장업,30105-2014-000002,세종 골프존 파크,30064,세종특별자치시 종촌동 658 메디케어빌딩 ,세종특별자치시 도움3로 105-7 메디케어빌딩 8층 801호 (종촌동),,416,,,,영업중,2014-07-07,2019-03-28,해결,2019-03-28,실내,,,,타석수 [석] : 6,Y,,2022-11-30
골프연습장업,30105-2014-000003,캘러웨이 스크린골프 세종점,30055,세종특별자치시 장군면 봉안리 40-6 ,세종특별자치시 장군면 장기로 875 2동 201호,,628,,,,영업중,2014-08-21,,해결,2014-08-21,실내,,,,타석수 [석] : 15,Y,,2022-11-30
골프연습장업,30105-2015-000001,가장 죤 T-UP 스크린골프,30100,세종특별자치시 도담동 257 ,세종특별자치시 한누리대로 589 701호 (도담동),,315,,,,영업중,2015-06-09,2020-06-24,해결,2020-06-24,실내,,,,타석수 [석] : 5,Y,,2022-11-30
골프연습장업,30105-2015-000002,닥터강 스크린골프연습장,30100,세종특별자치시 아름동 98 ,세종특별자치시 보듬3로 95 707-12 708호 (아름동 해피라움3),,271,,,,영업중,2015-11-16,2017-05-11,해결,2017-05-11,실내,,,,타석수 [석] : 11,Y,,2022-11-30
골프연습장업,30105-2016-000002,세종아름 스크린골프,30100,세종특별자치시 아름동,세종특별자치시 보듬3로 143 701~703호 (아름동 대영프라자),,372,,철근콘크리트조,일반상업지역,영업중,2016-05-23,2018-12-06,해결,2018-12-06,실내,,,,타석수 [석] : 6,Y,,2022-11-30
골프연습장업,30105-2016-000003,SG골프,30021,세종특별자치시 조치원읍,세종특별자치시 조치원읍 행복3길 3,791,473,473,철골조,근린상업지역,영업중,2016-06-20,,해결,2016-06-20,실내,,,,타석수 [석] : 9,Y,,2022-11-30
골프연습장업,30105-2016-000004,비주얼 골프연습장,30103,세종특별자치시 어진동 547 중앙타운 ,세종특별자치시 절재로 194 810811호 (어진동 중앙타운),,274,,,,영업중,2016-07-28,,해결,2016-07-28,실내,,,,타석수 [석] : 9,Y,,2022-11-30
골프연습장업,30105-2016-000005,주식회사 제이제이 컴퍼니,30055,세종특별자치시 장군면 봉안리 ,세종특별자치시 장군면 소미길 17-11,3561,304,1560,철골조,관리지역,영업중,2016-08-19,,해결,2016-08-19,실내,,,,타석수 [석] : 7,Y,,2022-11-30
골프연습장업,30105-2016-000006,프리미엄 골프,30055,세종특별자치시 장군면 봉안리 ,세종특별자치시 장군면 소미길 17-11 2동 2층 (201호 202호),3561,304,1560,철골조,관리지역,영업중,2016-08-19,,해결,2016-08-19,실내,,,,타석수 [석] : 5,Y,,2022-11-30
골프연습장업,30105-2016-000007,메가골프존파크,30128,세종특별자치시 나성동 361-190 ,세종특별자치시 나성북로 9 506507508호 (나성동 메가타워1),,315,13436,철골콘크리트조,중심상업지역,영업중,2016-11-21,2017-01-10,해결,2017-01-10,실내,,,,타석수 [석] : 7,Y,,2022-11-30
골프연습장업,30105-2016-000008,장군스크린골프,30053,세종특별자치시 장군면 도계리 276-36 ,세종특별자치시 장군면 무넘이길 14-13 1층,,396,,경량철골조,관리지역,영업중,2016-12-16,,,,실내,,,,타석수 [석] : 7,Y,,2022-11-30
골프연습장업,30105-2017-000001,메가 골프 연습장,30128,세종특별자치시 나성동 361-190 ,세종특별자치시 나성북로 9 505호 (나성동 메가타워1),245,123,,철골콘크리트조,중심상업지역,영업중,2017-01-05,,해결,2017-01-05,실내,,,,타석수 [석] : 5,Y,,2022-11-30
골프연습장업,30105-2017-000003,캘러웨이 스크린 골프 세종시청점,30150,세종특별자치시 보람동 747 세종시드니 ,세종특별자치시 호려울로 29 세종시드니 701-2703~707호 (보람동),,878,,철골콘크리트조,일반상업지역,영업중,2017-04-04,2021-05-17,해결,2021-05-17,실내,,,,,Y,,2022-11-30
골프연습장업,30105-2017-000004,강남 스크린 골프존,30062,세종특별자치시 고운동 1375 801호,세종특별자치시 마음로 272-9 8층 801호 (고운동 강남빌딩),1069,746,7872,철골콘크리트조,근린상업지역,영업중,2017-06-07,2020-11-17,해결,2020-11-18,실외,,,,타석수 [석] : 5,Y,,2022-11-30
골프연습장업,30105-2017-000005,동남골프클럽,30047,세종특별자치시 연서면,세종특별자치시 연서면 당산로 342 지하1층,160,,,철골콘크리트조,,영업중,2017-07-13,,해결,2017-07-13,실내,,,,타석수 [석] : 5,Y,,2022-11-30
골프연습장업,30105-2017-000006,김프로 골프 크리닉,30127,세종특별자치시 새롬동 산 19 ,세종특별자치시 새롬중앙로 62-15 6층 609~611호 (새롬동 해피라움W),,263,,철근콘크리트조,근린상업지역,영업중,2017-08-03,,해결,2017-08-03,실내,,,,타석수 [석] : 9,Y,,2022-11-30
골프연습장업,30105-2017-000007,황제스크린골프,30100,세종특별자치시 아름동 1330 ,세종특별자치시 아름서1길 13-12 302303304호 (아름동 세종제이디빌딩),1382,347,7559,철골콘크리트조,일반상업지역,영업중,2017-08-04,2021-04-07,해결,2021-04-13,실내,,,,타석수 [석] : 6,Y,,2022-11-30
골프연습장업,30105-2017-000008,(주)제이골프존파크,30128,세종특별자치시 나성동 789 제이빌딩 ,세종특별자치시 나성북1로 18 제이빌딩 89층 801~808 901~908호 (나성동),,1375,,철골콘크리트조,중심상업지역,영업중,2017-08-08,2020-01-28,해결,2020-01-28,실내,,,1,,Y,,2022-11-30
골프연습장업,30105-2017-000009,세종필드골프센터,30090,세종특별자치시 해밀동 644 세종필드골프센터 ,세종특별자치시 눌왕새터말길 3,1303,1303,2405,철골콘크리트조,자연녹지지역,영업중,2017-10-10,,해결,2017-10-10,실외,,1,1,타석수 [석] : 58,Y,,2022-11-30
골프연습장업,30105-2017-000010,캘러웨이 스크린골프 나성동 스타타워점,30128,세종특별자치시 나성동 361-37 스타타워 ,세종특별자치시 나성로 125-16 9층 902903904905호 (나성동),,453,,철골콘크리트조,중심상업지역,영업중,2017-10-24,,해결,2017-10-24,실내,0,,,타석수 [석] : 15,Y,,2022-11-30
골프연습장업,30105-2017-000011,금강 스크린(골프 연습장),30057,세종특별자치시 연기면 수산리 85 ,세종특별자치시 연기면 조뱅이길 24-17,511,511,,철골콘크리트조,관리지역,영업중,2017-12-06,,해결,2017-12-06,실내,,,,,Y,,2022-11-30
골프연습장업,30105-2018-000002,GDR아카데미 세종나성점,30128,세종특별자치시 나성동 789 제이빌딩 ,세종특별자치시 나성북1로 18 제이빌딩 7층 701~708호 (나성동),,679,,,,영업중,2018-09-06,2020-06-23,해결,2020-06-23,실내,,,,타석수 [석] : 18,Y,,2022-11-30
골프연습장업,30105-2018-000003,H 골프연습장,30128,세종특별자치시 나성동 798 메가타워1 ,세종특별자치시 나성북로 9 메가타워1 10층 1002호 (나성동),,,,,,영업중,2018-10-16,2020-06-17,해결,2020-06-17,실내,,,,타석수 [석] : 2,Y,,2022-11-30
골프연습장업,30105-2018-000004,나사 스크린골프,30147,세종특별자치시 반곡동 308 알파타워 ,세종특별자치시 국책연구원2로 18 알파타워 401~412호(405408호제외)호 (반곡동),,762,,,,영업중,2018-12-20,2021-06-10,해결,2021-06-10,실내,,,,타석수 [석] : 13,Y,,2022-11-30
골프연습장업,30105-2019-000001,이성용의 골프서당,30062,세종특별자치시 고운동 1372 고운메디프라자 ,세종특별자치시 마음로 272-4 고운메디프라자 802803804호 (고운동),1028,334,7241,철근콘크리트조,근린상업지역,영업중,2019-04-17,2020-07-24,해결,2020-07-24,실내,,,,타석수 [석] : 10,Y,,2022-11-30
골프연습장업,30105-2019-000002,메가골프존파크,30152,세종특별자치시 대평동 566-5 태양빌딩 ,세종특별자치시 대평로 87 태양빌딩 703704705호 (대평동),,338,,,,영업중,2019-07-05,,해결,2019-07-05,실내,,,,타석수 [석] : 6,Y,,2022-11-30
골프연습장업,30105-2019-000003,JW골프아카데미,30148,세종특별자치시 소담동 35-4 거북선1 ,세종특별자치시 법원2로 12 거북선1 603~607호 (소담동),,292,,,,영업중,2019-08-29,,해결,2019-08-29,실내,,,,,Y,,2022-11-30
골프연습장업,30105-2020-000001,소담 메가골프존 파크,30148,세종특별자치시 소담동 35-4 거북선1 ,세종특별자치시 법원2로 12 거북선1 408-413호 (소담동),,356,14172,철근콘크리트조,,영업중,2020-01-13,,해결,2020-01-13,실내,,,,타석수 [석] : 7,Y,,2022-11-30
골프연습장업,30105-2020-000002,스마트골프아카데미 명학점,30067,세종특별자치시 연동면 응암리 911 ,세종특별자치시 연동면 명학산단로 4 209호,,199,6369,,,영업중,2020-01-20,,해결,2020-01-20,실내,,,,타석수 [석] : 3,Y,,2022-11-30
골프연습장업,30105-2020-000003,도화스크린골프,30049,세종특별자치시 연서면 월하리 1017 ,세종특별자치시 연서면 대첩로 209,,389,389,철골조,일반주거지역,영업중,2020-02-06,,해결,2020-02-06,실외,,,,,Y,,2022-11-30
골프연습장업,30105-2020-000004,friends screen,30152,세종특별자치시 대평동 63-12 센트럴테라스 ,세종특별자치시 대평4길 17 센트럴테라스 210~213호 (대평동),,313,,,,영업중,2020-06-26,2020-07-07,해결,2020-07-07,실내,,,,타석수 [석] : 9,Y,,2022-11-30
골프연습장업,30105-2021-000001,스윙티처,30127,세종특별자치시 새롬동 574 크리스마스빌딩 5112호,세종특별자치시 새롬중앙로 34 크리스마스빌딩 511 512호 (새롬동),4700,228,29900,철근콘크리트조,근린상업지역,영업중,2021-08-24,,해결,2021-08-24,실내,,1,,타석수 [석] : 6,Y,,2022-11-30
체력단련장업,30106-1998-000001,해성스포츠,30021,세종특별자치시 조치원읍 침산리 253-3 ,세종특별자치시 조치원읍 행복5길 27-3,223,223,,철골콘크리트조,일반주거지역,영업중,1998-12-21,2004-01-31,해결,2004-01-31,실외,,,,,Y,,2022-11-30
체력단련장업,30106-2000-000001,다이나포스헬스클럽,30004,세종특별자치시 전의면 읍내리 251-2 ,세종특별자치시 전의면 만세길 5,,123,2082,철골콘크리트조,상업지역,영업중,2000-10-01,2020-02-24,해결,2020-02-24,실외,,,,,Y,,2022-11-30
체력단련장업,30106-2001-000001,대도헬스피아,,세종특별자치시 조치원읍 원리 2-10 대도빌딩 3층4층 ,세종특별자치시 조치원읍 조치원5길 12-19  (대도빌딩 3층4층),358,484,1217,철골콘크리트조,상업지역,영업중,2001-10-01,2013-05-03,해결,2013-05-03,실내,,,2,바닥면적 [제곱미터] : 484,Y,,2022-11-30
체력단련장업,30106-2002-000001,송도헬스클럽,,세종특별자치시 연서면 봉암리 215-7 2층 ,세종특별자치시 연서면 봉암길 150  (2층),,184,645,철골콘크리트조,,영업중,2002-10-01,2002-10-01,,,실외,,,,,Y,,2022-11-30
체력단련장업,30106-2004-000002,굿모닝 휘트니스클럽,30076,세종특별자치시 부강면 부강리 420 ,세종특별자치시 부강면 부강로 47 3층,1561,240,1916,,,영업중,2004-01-03,2013-10-17,해결,2013-10-17,실내,0,0,3,바닥면적 [제곱미터] : 639,Y,,2022-11-30
체력단련장업,30106-2005-000001,금강스포츠랜드,,세종특별자치시 금남면 부용리 83-3 ,세종특별자치시 금남면 금병로 1131,,231,,,,영업중,2005-06-21,2006-07-26,해결,2006-07-26,실외,,,,,Y,,2022-11-30
체력단련장업,30106-2005-000002,02 Life S C 헬스,,세종특별자치시 조치원읍 남리 391 ,세종특별자치시 조치원읍 새내2길 78,,237,,,,영업중,2005-10-11,2010-12-16,해결,2010-12-16,실외,,,,,Y,,2022-11-30
체력단련장업,30106-2007-000001,효명레저산업(주),,세종특별자치시 부강면 문곡리 440-11 ,세종특별자치시 부강면 부강외천로 254-29,0,368,0,,관리지역,영업중,2007-08-20,2007-08-20,해결,2007-08-20,실외,,,,,Y,,2022-11-30
체력단련장업,30106-2009-000001,중앙휘트니스센터,30035,세종특별자치시 조치원읍 남리 359 ,세종특별자치시 조치원읍 새내2길 38 목화빌딩 3층,476,281,1598,철골콘크리트조,일반주거지역,영업중,2009-02-16,2019-02-28,해결,2019-02-28,실내,0,0,1,바닥면적 [제곱미터] : 281,Y,,2022-11-30
체력단련장업,30106-2009-000002,충남헬스클럽,,세종특별자치시 조치원읍 상리 136 3층 ,세종특별자치시 조치원읍 장안로 3  (3층),463,100,958,철근콘크리트조,일반상업지역,영업중,2009-02-18,2009-02-18,해결,2009-02-18,실내,,,1,바닥면적 [제곱미터] : 100,Y,,2022-11-30
체력단련장업,30106-2010-000001,홍익휘트니스클럽,,세종특별자치시 조치원읍 신안리 300 ,세종특별자치시 조치원읍 세종로 2639,4950,544,2990,철근콘크리트조,관리지역,영업중,2010-09-15,2012-06-12,해결,2012-06-12,실내,,1,1,,Y,,2022-11-30
체력단련장업,30106-2014-000001,crossfit sejong,30023,세종특별자치시 조치원읍 교리 51-1 ,세종특별자치시 조치원읍 새내로 155,,154,,,,영업중,2014-07-10,,해결,2014-07-10,실내,,,1,,Y,,2022-11-30
체력단련장업,30106-2014-000002,케이 짐,30031,세종특별자치시 조치원읍 신흥리 228-1 ,세종특별자치시 조치원읍 대첩로 75 301호,,,,,,영업중,2014-12-11,,해결,2014-12-11,실외,,,1,,Y,,2022-11-30
체력단련장업,30106-2015-000001,커브스 종촌클럽,30064,세종특별자치시 종촌동 672 메가시티 ,세종특별자치시 도움1로 106 메가시티 614호 (종촌동),,107,,,,영업중,2015-04-15,2018-06-18,해결,2018-06-18,실내,,,1,바닥면적 [제곱미터] : 107,Y,,2022-11-30
체력단련장업,30106-2015-000002,탑 휘트니스,30023,세종특별자치시 조치원읍 교리 51-1 ,세종특별자치시 조치원읍 새내로 155 2층 201호,,324,,,,영업중,2015-05-12,,해결,2015-05-12,실내,,,2,바닥면적 [제곱미터] : 324,Y,,2022-11-30
체력단련장업,30106-2015-000006,웅이짐,30103,세종특별자치시 어진동 103-21 ,세종특별자치시 절재로 194 803804호 (어진동),,300,,,,영업중,2015-07-31,2021-02-23,해결,2021-03-02,실내,,,2,,Y,,2022-11-30
체력단련장업,30106-2015-000007,킴스휘트니스클리닉,30100,세종특별자치시 아름동 1362 해피라움4 ,세종특별자치시 보듬3로 91 해피라움4 407동 401호 (아름동),2398,190,15083,,,영업중,2015-09-15,2020-10-19,해결,2020-10-20,실내,,1,,바닥면적 [제곱미터] : 190,Y,,2022-11-30
체력단련장업,30106-2015-000008,길라잡이체육관,30064,세종특별자치시 종촌동 673 ,세종특별자치시 도움1로 108 504505506507호 (종촌동 몰리브),,315,,,,영업중,2015-11-09,2020-11-23,해결,2020-11-24,실내,,2,,바닥면적 [제곱미터] : 315,Y,,2022-11-30
체력단련장업,30106-2015-000009,247 헬스,30100,세종특별자치시 도담동 675 ,세종특별자치시 보듬3로 8-27 (도담동 새한빌딩),,202,,,,영업중,2015-12-23,2020-05-11,해결,2020-05-11,실내,1,,,바닥면적 [제곱미터] : 202,Y,,2022-11-30
체력단련장업,30106-2016-000002,종촌종합복지센터 종합사회복지관,30064,세종특별자치시 종촌동 674 ,세종특별자치시 도움1로 116 (종촌동 종합복지지원센터),,225,,,,영업중,2016-01-22,2018-09-21,해결,2018-09-21,실내,1,,,,Y,,2022-11-30
체력단련장업,30106-2016-000003,플렉스 짐,30100,세종특별자치시 아름동 1295 해피라움1 603-1호,세종특별자치시 보듬3로 100 1동 603-12호 (아름동 해피라움1),,254,,,,영업중,2016-06-27,2020-02-14,해결,2020-02-12,실외,,1,,,Y,,2022-11-30
체력단련장업,30106-2016-000004,킴스휘트니스,30100,세종특별자치시 아름동 1361 ,세종특별자치시 보듬3로 91 410호 (아름동 해피라움4),,84,,,,영업중,2016-08-04,,해결,2016-08-04,실내,,1,,,Y,,2022-11-30
체력단련장업,30106-2017-000001,muscle paradise,30128,세종특별자치시 나성동 361-35 ,세종특별자치시 나성로 133-9 (나성동 세종NS타워1),,82,,철골콘크리트조,중심상업지역,영업중,2017-01-26,,해결,2017-01-26,실내,,,,,Y,,2022-11-30
체력단련장업,30106-2017-000002,세종더쎄짐,30100,세종특별자치시 아름동 1360 505호,세종특별자치시 보듬3로 95 505호 (아름동 해피라움3),2431,187,14837,철골콘크리트조,,영업중,2017-07-07,,해결,2017-07-07,실내,,,1,바닥면적 [제곱미터] : 187,Y,,2022-11-30
체력단련장업,30106-2017-000004,True gym,30030,세종특별자치시 조치원읍,세종특별자치시 조치원읍 큰말2길 1 2층,,319,,철골조,근린상업지역,영업중,2017-07-18,2020-03-09,해결,2020-03-09,실내,,1,1,바닥면적 [제곱미터] : 319,Y,,2022-11-30
체력단련장업,30106-2017-000005,올바디짐,30021,세종특별자치시 조치원읍,세종특별자치시 조치원읍 행복1길 3,342,101,202,경량철골조,일반주거지역,영업중,2017-08-11,,해결,2017-08-11,실내,,,1,바닥면적 [제곱미터] : 101,Y,,2022-11-30
체력단련장업,30106-2017-000006,PLETO,30127,세종특별자치시 새롬동 341-74 크리스마스빌딩 ,세종특별자치시 새롬중앙로 34 크리스마스빌딩 4층 406호 (새롬동),,143,,철골콘크리트조,근린상업지역,영업중,2017-12-18,,해결,2017-12-18,실내,,1,,,Y,,2022-11-30
체력단련장업,30106-2018-000001,우리동네 휘트니스,30150,세종특별자치시 보람동 629-2 금남프라자 ,세종특별자치시 호려울로 45 금남프라자 8층 801802803804-1호 (보람동),,332,,철근콘크리트조,,영업중,2018-03-02,,해결,2018-03-02,실내,,,1,바닥면적 [제곱미터] : 189,Y,,2022-11-30
체력단련장업,30106-2018-000002,예체능휘트니스,30150,세종특별자치시 보람동 629-2 금남프라자 ,세종특별자치시 호려울로 45 금남프라자 8층 804-2805806807808호 (보람동),,320,,,,영업중,2018-03-12,,해결,2018-03-12,실내,,,1,,Y,,2022-11-30
체력단련장업,30106-2018-000003,Real fit,30127,세종특별자치시 새롬동 산 19 해피라움W ,세종특별자치시 새롬중앙로 62-15 해피라움W 6층 607608호 (새롬동),,195,,,,영업중,2018-04-13,,해결,2018-04-13,실내,,,1,,Y,,2022-11-30
체력단련장업,30106-2018-000004,포바디클리닉,30102,세종특별자치시 어진동 528 태한프레스센터 ,세종특별자치시 절재로 172 태한프레스센터 2층 205호 (어진동),1518,190,5496,철근콘크리트조,중심상업지역,영업중,2018-06-07,2021-06-14,해결,2021-06-14,실내,,1,,,Y,,2022-11-30
체력단련장업,30106-2018-000005,커브스 보람클럽,30150,세종특별자치시 보람동 629-4 세종시드니 ,세종특별자치시 호려울로 29 세종시드니 6층 604호 (보람동),,114,,,,영업중,2018-08-28,,해결,2018-08-28,실내,,1,,바닥면적 [제곱미터] : 114,Y,,2022-11-30
체력단련장업,30106-2018-000006,스탠바이짐(Stand-by Gym),30128,세종특별자치시 나성동 791 애플타워 ,세종특별자치시 나성로 133-15 애플타워 제1동 5층 506호 (나성동),,210,,,,영업중,2018-09-13,,해결,2018-09-13,실내,,1,,바닥면적 [제곱미터] : 210,Y,,2022-11-30
체력단련장업,30106-2018-000007,더 힘찬짐 피트니스,30100,세종특별자치시 아름동 1310 하나타워 ,세종특별자치시 세종로 1234-12 하나타워 604605606호 (아름동),,210,,,,영업중,2018-10-22,2020-10-27,해결,2020-10-28,실내,,2,0,바닥면적 [제곱미터] : 438,Y,,2022-11-30
체력단련장업,30106-2018-000008,Gym HR,30100,세종특별자치시 아름동 1332 영토빌딩 ,세종특별자치시 아름서1길 13-4 영토빌딩 402호 (아름동),1261,113,5044,철근콘크리트조,일반상업지역,영업중,2018-12-18,,해결,2018-12-18,실내,,1,,바닥면적 [제곱미터] : 113,Y,,2022-11-30
체력단련장업,30106-2019-000001,레드핏,30129,세종특별자치시 나성동 782 하해빌딩 ,세종특별자치시 나성로 41 하해빌딩 401호 (나성동),,152,,,,영업중,2019-02-20,2019-10-17,해결,2019-10-17,실내,,,1,,Y,,2022-11-30
체력단련장업,30106-2019-000002,바디피티,30127,세종특별자치시 새롬동 341-74 크리스마스빌딩 ,세종특별자치시 새롬중앙로 34 크리스마스빌딩 6층 615~617호 (새롬동),823,283,,철근콘크리트조,근린상업지역,영업중,2019-10-01,2020-06-30,해결,2020-06-30,실외,,,,,Y,,2022-11-30
체력단련장업,30106-2019-000003,BODY PT 보람점,30150,세종특별자치시 보람동 628-4 골드타워 ,세종특별자치시 호려울로 51 골드타워 203204207209호 (보람동),,378,,철근콘크리트조,일반상업지역,영업중,2019-11-26,2020-09-15,해결,2020-09-15,실외,,2,,,Y,,2022-11-30
체력단련장업,30106-2019-000004,인더썬(IN THE SUN),30038,세종특별자치시 조치원읍 죽림리 114-1 세종럭스스퀘어 506호,세종특별자치시 조치원읍 세종로 2282 세종럭스스퀘어 506호,4769,957,20137,철골콘크리트조,준주거지역,영업중,2019-11-27,2021-09-09,해결,2021-09-09,실내,,2,,,Y,,2022-11-30
체력단련장업,30106-2019-000005,스포인 휘트니스,30123,세종특별자치시 다정동 7-6 리치타워 ,세종특별자치시 다정중앙로 40 리치타워 5층 509~511호 (다정동),,301,11418,철근콘크리트조,근린상업지역,영업중,2019-12-05,,해결,2019-12-05,실외,,2,,바닥면적 [제곱미터] : 301,Y,,2022-11-30
체력단련장업,30106-2020-000001,플레토 피트니스클럽,30101,세종특별자치시 고운동 산 167 아성프라자 ,세종특별자치시 세종로 1215 아성프라자 4층 (고운동),1654,739,9441,철근콘크리트조,일반상업지역,영업중,2020-01-17,,해결,2020-01-17,실외,,2,,바닥면적 [제곱미터] : 739,Y,,2022-11-30
체력단련장업,30106-2020-000002,세종스파 휘트니스,30055,세종특별자치시 장군면 봉안리 387 ,세종특별자치시 장군면 봉안길 70 2층,3140,431,5781,철근콘크리트조,,영업중,2020-02-12,2020-07-31,해결,2020-07-31,실내,,1,1,바닥면적 [제곱미터] : 431,Y,,2022-11-30
체력단련장업,30106-2020-000003,BODY PT 나성점,30128,세종특별자치시 나성동 763 행복의아침 ,세종특별자치시 한누리대로 292 행복의아침 201202205210211212호 (나성동),,422,,철근콘크리트조,중심상업지역,영업중,2020-03-02,2020-09-15,해결,2020-09-15,실내,,2,,바닥면적 [제곱미터] : 336,Y,,2022-11-30
체력단련장업,30106-2020-000004,챔피언짐,30064,세종특별자치시 종촌동 658 메디케어빌딩 ,세종특별자치시 도움3로 105-7 메디케어빌딩 3층 30345호 (종촌동),,304,7043,철골콘크리트조,근린상업지역,영업중,2020-04-06,,해결,2020-04-06,실내,1,,,,Y,,2022-11-30
체력단련장업,30106-2020-000005,브로스나인 나성점,30128,세종특별자치시 나성동 757 세종마루2 ,세종특별자치시 한누리대로 316 세종마루2 201~204호 (나성동),,345,,,,영업중,2020-07-07,2020-12-28,해결,2020-12-28,실내,,2,,,Y,,2022-11-30
체력단련장업,30106-2020-000006,스파렉스짐,30064,세종특별자치시 종촌동 672 메가시티 ,세종특별자치시 도움1로 106 메가시티 703호 (종촌동),4529,257,34996,철근콘크리트조,근린상업지역,영업중,2020-09-10,,해결,2020-09-10,실내,,,1,,Y,,2022-11-30
체력단련장업,30106-2020-000007,유어바디,30100,세종특별자치시 도담동 677 해피라움6 ,세종특별자치시 보듬3로 8-29 해피라움6 202207206호 (도담동),1609,352,9115,철근콘크리트조,일반상업지역,영업중,2020-10-06,,해결,2020-10-06,실내,,1,1,,Y,,2022-11-30
체력단련장업,30106-2020-000008,트루짐,30150,세종특별자치시 소담동 36-11 아이콤스타시티타워 ,세종특별자치시 소담로 93 아이콤스타시티타워 205~210호 (소담동),2032,572,13851,철근콘크리트조,일반상업지역,영업중,2020-11-11,,해결,2020-11-11,실내,,2,,바닥면적 [제곱미터] : 408,Y,,2022-11-30
체력단련장업,30106-2021-000001,세종 바른 운동,30150,세종특별자치시 소담동 574 펠리체타워3 ,세종특별자치시 한누리대로 2003 펠리체타워3 201호 (소담동),1319,73,9881,철근콘크리트조,중심상업지역,영업중,2021-02-16,2021-02-17,해결,2021-02-17,실내,,1,,바닥면적 [제곱미터] : 73,Y,,2022-11-30
체력단련장업,30106-2021-000002,바디리셋,30150,세종특별자치시 보람동 749 스마트허브Ⅲ ,세종특별자치시 호려울로 19 스마트허브Ⅲ 406407호 (보람동),1950,254,1362,철근콘크리트조,일반상업지역,영업중,2021-03-08,,해결,2021-03-08,실내,,,1,바닥면적 [제곱미터] : 254,Y,,2022-11-30
체력단련장업,30106-2021-000003,핏앤핏PT,30150,세종특별자치시 소담동 576 펠리체타워2 ,세종특별자치시 한누리대로 2009 펠리체타워2 205호 (소담동),1320,112,10744,철근콘크리트조,중심상업지역,영업중,2021-04-14,,해결,2021-04-14,실내,,1,,,Y,,2022-11-30
체력단련장업,30106-2021-000004,길라잡이 체육관 나성점,30128,세종특별자치시 나성동 788 메가타워2 ,세종특별자치시 나성북1로 12 메가타워2 301302호 (나성동),1671,306,13736,철근콘크리트조,일반상업지역,영업중,2021-05-24,,해결,2021-05-24,실내,,1,,,Y,,2022-11-30
체력단련장업,30106-2021-000005,헬스매니아 프로짐,30152,세종특별자치시 대평동 672 아마존타워 ,세종특별자치시 시청대로 20 아마존타워 203~205호 (대평동),1944,421,10954,철근콘크리트조,일반상업지역,영업중,2021-05-31,,해결,2021-05-31,실내,,1,,,Y,,2022-11-30
체력단련장업,30106-2021-000006,팀승전보,30098,세종특별자치시 도담동 655 해피라움7 ,세종특별자치시 한누리대로 589 해피라움7 303호 (도담동),,286,,,,영업중,2021-06-08,,해결,2021-06-08,실내,,1,,,Y,,2022-11-30
체력단련장업,30106-2021-000007,골든타임핏,30038,세종특별자치시 조치원읍 죽림리 114-1 ,세종특별자치시 조치원읍 세종로 2282 6층 602~604호,4769,308,,철골콘크리트조,준주거지역,영업중,2021-06-08,,해결,2021-06-08,실내,,2,,,Y,,2022-11-30
체력단련장업,30106-2021-000008,브로스나인,30123,세종특별자치시 다정동 932 다정메디프라자 ,세종특별자치시 다정중앙로 58 다정메디프라자 204~206호 (다정동),1071,406,6823,철근콘크리트조,근린상업지역,영업중,2021-07-09,,해결,2021-07-09,실내,,2,,,Y,,2022-11-30
체력단련장업,30106-2021-000009,크로스핏 세종,30083,세종특별자치시 금남면 용포리 238-23 ,세종특별자치시 금남면 성덕영곡길 20,1918,300,378,철근콘크리트조,생산녹지지역,영업중,2021-07-14,,해결,2021-07-14,실내,,1,,,Y,,2022-11-30
체력단련장업,30106-2021-000010,킴스피트니스클리닉(한솔점),30130,세종특별자치시 한솔동 1062 목화상가 201호,세종특별자치시 누리1로 83 목화상가 201호 (한솔동),654,177,521,철근콘크리트조,전용주거지역,영업중,2021-08-11,,해결,2021-08-11,실내,,1,,바닥면적 [제곱미터] : 177,Y,,2022-11-30
당구장업,30108-1991-000002,세종당구장,,세종특별자치시 조치원읍 원리 10-15 3층 ,세종특별자치시 조치원읍 으뜸길 226  (3층),,211,,,,영업중,1991-03-30,2013-12-13,해결,2013-12-13,실외,,,,,Y,,2022-11-30
당구장업,30108-1992-000003,명진당구장,,세종특별자치시 연서면 봉암리 216-4 ,,,,151,,,영업중,1992-05-22,2015-06-24,해결,2015-06-24,실외,,,,,N,,2022-11-30
당구장업,30108-1994-000002,명지당구장,,세종특별자치시 조치원읍 교리 23-16 ,세종특별자치시 조치원읍 새내12길 17,,113,389,철골콘크리트조,일반상업지역,영업중,1994-06-22,1994-06-22,,,실외,,,,,Y,,2022-11-30
당구장업,30108-1996-000004,매니아 당구클럽,30016,세종특별자치시 조치원읍 신안리 358-1 ,세종특별자치시 조치원읍 섭골길 65,879,489,963,경량철골조,일반주거지역,영업중,1996-10-21,2013-09-23,해결,2013-09-23,실외,,,,,Y,,2022-11-30
당구장업,30108-1997-000007,허리우드당구장1,,세종특별자치시 조치원읍 서창리 221-1 ,,,145,833,경량철골조,자연녹지지역,영업중,1997-05-15,1997-05-15,,,실외,,,,,N,,2022-11-30
당구장업,30108-1998-000006,허리우드 당구장,,세종특별자치시 조치원읍 서창리 221-1 ,,,133,,철근콘크리트조,자연녹지지역,영업중,1998-04-09,2013-07-25,해결,2013-07-25,실외,,,,,N,,2022-11-30
당구장업,30108-2000-000001,캉가루당구장,,세종특별자치시 조치원읍 교리 22-24 3층 ,세종특별자치시 조치원읍 새내12길 25 (3층),,150,493,철골콘크리트조,일반상업지역,영업중,2000-11-03,2000-11-03,,,실외,,,,,Y,,2022-11-30
당구장업,30108-2001-000004,신 세종당구장,30024,세종특별자치시 조치원읍 교리 21-13 ,세종특별자치시 조치원읍 새내12길 51 2층,,150,,,,영업중,2001-07-05,2018-10-30,해결,2018-10-31,실외,,,,,Y,,2022-11-30
당구장업,30108-2001-000005,허리우드당구장,,세종특별자치시 부강면 부강리 414-1 ,,0,0,0,,,영업중,2001-02-27,,,,실외,0,0,0,당구대수 [대] : 5,N,,2022-11-30
당구장업,30108-2002-000001,금남 당구 클럽,,세종특별자치시 금남면 용포리 138-4 ,세종특별자치시 금남면 용포로 68,,72,205,철골콘크리트조,상업지역,영업중,2002-07-16,2020-02-01,해결,2020-02-01,실외,,,,,Y,,2022-11-30
당구장업,30108-2003-000004,한번쳐볼까당구장,,세종특별자치시 부강면 부강리 443-3 ,,305,241,787,철근콘크리트조,일반상업지역,영업중,2003-12-19,2011-06-28,해결,2011-06-29,실내,0,0,0,당구대수 [대] : 11,N,,2022-11-30
당구장업,30108-2003-000005,귀빈당구장,30034,세종특별자치시 조치원읍 죽림리 97-7 ,세종특별자치시 조치원읍 죽림로 37,,121,328,철골콘크리트조,일반상업지역,영업중,2003-05-01,,,,실외,,,,,Y,,2022-11-30
당구장업,30108-2006-000002,부강당구클럽,,세종특별자치시 부강면 부강리 442-17 2층 ,세종특별자치시 부강면 부촌길 42-1  (2층),315,130,462,철근콘크리트조,일반상업지역,영업중,2006-06-27,2021-08-04,해결,2021-08-04,실내,0,0,0,당구대수 [대] : 5,Y,,2022-11-30
당구장업,30108-2007-000002,신광당구장,,세종특별자치시 조치원읍 원리 15-3 2층 ,세종특별자치시 조치원읍 새내12길 16  (2층),,,,,,영업중,2007-11-19,2009-08-03,해결,2009-08-03,실외,,,,,Y,,2022-11-30
당구장업,30108-2008-000001,대우당구장,,세종특별자치시 조치원읍 신흥리 168-4 2층 ,세종특별자치시 조치원읍 이화로 32 (2층),,274,,,,영업중,2008-02-04,2018-04-23,해결,2018-04-23,실외,,,,,Y,,2022-11-30
당구장업,30108-2008-000004,퍼펙트 당구 클럽,,세종특별자치시 조치원읍 교리 22-7 2층 ,세종특별자치시 조치원읍 조치원5길 34-12  (2층),,,,,,영업중,2008-04-29,2008-04-29,해결,2008-04-29,실외,,,,,Y,,2022-11-30
당구장업,30108-2008-000009,프리당구클럽,30021,세종특별자치시 조치원읍 침산리 252-6 ,세종특별자치시 조치원읍 행복5길 23 2층,334,192,766,,근린상업지역,영업중,2008-09-05,2019-10-16,해결,2019-10-16,실내,,,,당구대수 [대] : 7,Y,,2022-11-30
당구장업,30108-2009-000004,럭키당구클럽,,세종특별자치시 전의면 읍내리 224-2 2층 ,세종특별자치시 전의면 장터길 9 (2층),518,242,825,철근콘크리트조,,영업중,2009-05-07,,해결,2009-05-07,실내,,,,당구대수 [대] : 10,Y,,2022-11-30
당구장업,30108-2009-000005,한큐당구장,,세종특별자치시 전의면 동교리 197-5 ,세종특별자치시 전의면 왕의물로 2-1,252,133,246,철근콘크리트조,일반주거지역,영업중,2009-05-28,,해결,2009-05-28,실내,,,,당구대수 [대] : 4,Y,,2022-11-30
당구장업,30108-2009-000006,한솔당구장,,세종특별자치시 조치원읍 교리 22-2 ,세종특별자치시 조치원읍 조치원7길 27,169,340,340,철근콘크리트조,일반상업지역,영업중,2009-06-19,,해결,2009-06-19,실외,,,,당구대수 [대] : 11,Y,,2022-11-30
당구장업,30108-2009-000008,프로 당구클럽,30031,세종특별자치시 조치원읍 신흥리 228-1 ,세종특별자치시 조치원읍 대첩로 75 401402호 (세종메디컬프라자),,397,,철골콘크리트조,일반주거지역,영업중,2009-11-19,2018-03-09,해결,2018-03-09,실외,,,,당구대수 [대] : 11,Y,,2022-11-30
당구장업,30108-2009-000009,오늘은 당구Day,30021,세종특별자치시 조치원읍 침산리 260-8 ,세종특별자치시 조치원읍 행복12길 5,,198,,,,영업중,2009-04-14,2019-05-01,해결,2019-05-01,실내,,,,,Y,,2022-11-30
당구장업,30108-2010-000001,영일 당구장,,세종특별자치시 소정면 소정리 196-10 ,세종특별자치시 소정면 소정구길 169,,106,,철골콘크리트조,일반주거지역,영업중,2010-04-06,2016-05-24,해결,2016-05-25,실외,,,,당구대수 [대] : 5,Y,,2022-11-30
당구장업,30108-2010-000002,명성당구장,,세종특별자치시 조치원읍 침산리 262-1 선우빌딩201호 ,세종특별자치시 조치원읍 행복10길 2 (선우빌딩201호),,294,1346,철골콘크리트조,,영업중,2010-04-29,2020-07-29,해결,2020-07-29,실외,,,,당구대수 [대] : 10,Y,,2022-11-30
당구장업,30108-2012-000001,삼억당구당,30016,세종특별자치시 조치원읍 신안리 141-3 ,세종특별자치시 조치원읍 토골고개길 10,1617,133,646,철골조,자연녹지지역,영업중,2012-02-18,2015-01-16,해결,2015-01-16,실내,,,,당구대수 [대] : 8,Y,,2022-11-30
당구장업,30108-2012-000002,국제당구클럽,30024,세종특별자치시 조치원읍 원리 1-20 ,세종특별자치시 조치원읍 문화로 5,178,118,198,철근콘크리트조,일반상업지역,영업중,2012-03-28,,해결,2012-03-28,실외,,,,당구대수 [대] : 5,Y,,2022-11-30
당구장업,30108-2012-000003,유니온당구장,30075,세종특별자치시 부강면 부강리 416-8 ,세종특별자치시 부강면 부촌길 39,314,250,596,철근콘크리트조,일반상업지역,영업중,2012-03-23,,해결,2012-03-23,실내,0,0,0,당구대수 [대] : 5,Y,,2022-11-30
당구장업,30108-2012-000004,큰별당구장,30083,세종특별자치시 금남면 용포리 192-5 ,세종특별자치시 금남면 대평시장2길 3,274,214,746,철근콘크리트조,일반상업지역,영업중,2012-07-10,,해결,2012-07-10,실내,,,,당구대수 [대] : 7,Y,,2022-11-30
당구장업,30108-2014-000001,세종당구장,30083,세종특별자치시 금남면 신촌리 88 ,세종특별자치시 금남면 용포쑥티1길 8,,129,,,,영업중,2014-01-20,2018-11-21,해결,2018-11-21,실내,,,,당구대수 [대] : 6,Y,,2022-11-30
당구장업,30108-2014-000003,첫마을당구클럽,30130,세종특별자치시 한솔동 343-5 ,세종특별자치시 누리1로 81 (한솔동),,143,,,,영업중,2014-03-17,2020-04-21,해결,2020-04-21,실내,,,,,Y,,2022-11-30
당구장업,30108-2014-000004,전동 당구장,30011,세종특별자치시 전동면 노장리 649-1 ,세종특별자치시 전동면 전동로 8,,95,,,,영업중,2014-08-22,,해결,2014-08-22,실외,,,,당구대수 [대] : 4,Y,,2022-11-30
당구장업,30108-2014-000005,태영 당구장,30055,세종특별자치시 장군면 봉안리 316 ,세종특별자치시 장군면 월현윗길 5,,161,,,,영업중,2014-08-29,2015-05-20,해결,2015-05-20,실내,,,,당구대수 [대] : 9,Y,,2022-11-30
당구장업,30108-2015-000001,미닝당구클럽,30100,세종특별자치시 도담동 672 해피라움5 ,세종특별자치시 보듬3로 8-15 해피라움5 501호 (도담동),,,,,,영업중,2015-01-14,2018-08-01,해결,2018-08-01,실내,,,,당구대수 [대] : 9,Y,,2022-11-30
당구장업,30108-2015-000002,세종제일당구장,30100,세종특별자치시 아름동 산 40 ,세종특별자치시 보듬3로 91 4동 702-1702-2703호 (아름동),,,,,,영업중,2015-02-11,2017-03-03,해결,2017-03-06,실내,,,,,Y,,2022-11-30
당구장업,30108-2015-000007,욱일 樂 당구클럽,30021,세종특별자치시 조치원읍 침산리 263-6 ,세종특별자치시 조치원읍 행복2길 21 201호,379,226,767,철근콘크리트조,일반주거지역,영업중,2015-07-10,2020-03-17,해결,2020-03-17,실내,,,,당구대수 [대] : 6,Y,,2022-11-30
당구장업,30108-2015-000008,25시 당구장,30130,세종특별자치시 한솔동 931 ,세종특별자치시 노을3로 90 301호 (한솔동),,,,,,영업중,2015-07-20,,해결,2015-07-20,실내,,,,당구대수 [대] : 11,Y,,2022-11-30
당구장업,30108-2015-000009,k당구,30103,세종특별자치시 어진동 103-21 ,세종특별자치시 절재로 194 801802호 (어진동),,268,,,,영업중,2015-07-27,2018-07-20,해결,2018-07-20,실내,,,,당구대수 [대] : 11,Y,,2022-11-30
당구장업,30108-2015-000010,원당구클럽,30064,세종특별자치시 종촌동 151-92 ,세종특별자치시 도움3로 105-6 501호 (종촌동 스마트프라자),,287,,,,영업중,2015-09-24,2018-06-26,해결,2018-06-26,실내,,,,,Y,,2022-11-30
당구장업,30108-2015-000011,세종당구장,30055,세종특별자치시 장군면 봉안리 377-1 ,세종특별자치시 장군면 봉안산소골길 4-5,,177,,,,영업중,2015-12-03,2020-02-28,해결,2020-02-28,실내,,,,당구대수 [대] : 6,Y,,2022-11-30
당구장업,30108-2015-000012,세종 당구장,30129,세종특별자치시 나성동 499 ,세종특별자치시 나리3로 41 406407호 (나성동 하해빌딩),,201,,,,영업중,2015-12-16,,해결,2015-12-16,실내,,,,,Y,,2022-11-30
당구장업,30108-2016-000001,SJ당구장,30100,세종특별자치시 아름동 1332 영토프라자 303호,세종특별자치시 아름서1길 13-3 303호 (아름동 영토프라자),,158,,철근콘크리트조,일반상업지역,영업중,2016-06-17,,해결,2016-06-17,실외,,,,당구대수 [대] : 7,Y,,2022-11-30
당구장업,30108-2016-000002,세종당구장,30004,세종특별자치시 전의면 읍내리 251-6 ,세종특별자치시 전의면 만세길 21 2층,489,182,424,철근콘크리트조,일반주거지역,영업중,2016-07-04,2018-09-14,해결,2018-09-14,실외,,,,당구대수 [대] : 6,Y,,2022-11-30
당구장업,30108-2016-000003,신흥당구클럽,30031,세종특별자치시 조치원읍 이화로 6-1,세종특별자치시 조치원읍 이화로 6-1,669,,1179,철골콘크리트조,일반주거지역,영업중,2016-07-21,,해결,2016-07-21,실내,,,,당구대수 [대] : 11,Y,,2022-11-30
당구장업,30108-2016-000004,참샘 당구클럽,30063,세종특별자치시 고운동 1716 ,세종특별자치시 고운서길 20 502503호 (고운동 참샘빌딩),,278,,,,영업중,2016-09-02,2021-07-22,해결,2021-07-23,실내,,,,당구대수 [대] : 9,Y,,2022-11-30
당구장업,30108-2017-000001,한스(han's) 당구장,30150,세종특별자치시 보람동 628-4 ,세종특별자치시 호려울로 51 604 605호 (보람동 골드타워),,244,,철골콘크리트조,일반상업지역,영업중,2017-01-11,,해결,2017-01-11,실내,,,,당구대수 [대] : 10,Y,,2022-11-30
당구장업,30108-2017-000002,나성당구클럽,30129,세종특별자치시 나성동 502 ,세종특별자치시 나성남로 7-16 6층 602호 (나성동 신영드림타워),,173,,철골콘크리트조,일반상업지역,영업중,2017-03-07,,해결,2017-03-07,실내,,,,당구대수 [대] : 8,Y,,2022-11-30
당구장업,30108-2017-000004,존케이지 빌리어즈 당구클럽,30128,세종특별자치시 나성동 361-35 404405406호 ,세종특별자치시 나성로 133-9 1동 4층 404호 (나성동 세종NS타워1),,262,,철골콘크리트조,중심상업지역,영업중,2017-04-27,,해결,2017-04-27,실내,,,,당구대수 [대] : 10,Y,,2022-11-30
당구장업,30108-2017-000005,에이스 당구장,30100,세종특별자치시 도담동,세종특별자치시 보듬3로 8-27 6층 602603604호 (도담동 새한빌딩),1466,580,5823,철근콘크리트조,일반상업지역,영업중,2017-05-15,,해결,2017-05-15,실내,,,,당구대수 [대] : 9,Y,,2022-11-30
당구장업,30108-2017-000006,챌린저 당구 카페,30150,세종특별자치시 보람동 629-4 ,세종특별자치시 호려울로 29 606호 (보람동 세종시드니),,282,13386,철골콘크리트조,일반상업지역,영업중,2017-05-29,2020-12-17,해결,2020-12-17,실내,,,,당구대수 [대] : 9,Y,,2022-11-30
당구장업,30108-2017-000008,세종아트당구클럽,30128,세종특별자치시 나성동 796 조이타워 ,세종특별자치시 나성로 125-10 조이타워 403404호 (나성동),,,,철골콘크리트조,중심상업지역,영업중,2017-08-24,2020-06-05,해결,2020-06-05,실내,,,,,Y,,2022-11-30
당구장업,30108-2017-000009,장군당구클럽,30055,세종특별자치시 장군면 봉안리 380-5 ,세종특별자치시 장군면 장척로 581 3층,243,243,,철근콘크리트조,관리지역,영업중,2017-10-12,2021-05-26,해결,2021-05-31,실내,,,,,Y,,2022-11-30
당구장업,30108-2017-000010,초원당구카페,30021,세종특별자치시 조치원읍 침산리 267-8 ,세종특별자치시 조치원읍 행복10길 9 3층,299,,736,철골콘크리트조,일반주거지역,영업중,2017-10-17,,처리중,,실외,,,,당구대수 [대] : 5,Y,,2022-11-30
당구장업,30108-2018-000001,세종당구클럽,30034,세종특별자치시 조치원읍 죽림리 254-2 ,세종특별자치시 조치원읍 충현로 28 대산빌딩 2층 202호,2022,155,361,,,영업중,2018-01-10,2021-06-21,해결,2021-06-21,실외,,,,당구대수 [대] : 6,Y,,2022-11-30
당구장업,30108-2018-000002,마드리드 당구장,30100,세종특별자치시 아름동 1327 마드리드R ,세종특별자치시 아름서1길 13-1 마드리드R 지층 B101호 (아름동),1902,662,13467,철근콘크리트조,일반상업지역,영업중,2018-06-21,,해결,2018-06-21,실외,,,,당구대수 [대] : 18,Y,,2022-11-30
당구장업,30108-2018-000003,아마존 당구클럽,30152,세종특별자치시 대평동 63-7 아마존타워 ,세종특별자치시 시청대로 20 아마존타워 8층 801802호 (대평동),,182,,,,영업중,2018-08-06,,해결,2018-08-06,실내,,,,당구대수 [대] : 7,Y,,2022-11-30
당구장업,30108-2018-000004,애플당구장,30128,세종특별자치시 나성동 791 애플타워 ,세종특별자치시 나성로 133-15 애플타워 7층 705706706-1호 (나성동),375,,,,,영업중,2018-09-19,,해결,2018-09-19,실내,,,,당구대수 [대] : 14,Y,,2022-11-30
당구장업,30108-2018-000006,300당구클럽,30062,세종특별자치시 고운동 1370 고운프라자 ,세종특별자치시 마음로 264 고운프라자 704 705호 (고운동),1260,,8235,철근콘크리트조,근린상업지역,영업중,2018-11-13,,해결,2018-11-13,실내,,,,당구대수 [대] : 6,Y,,2022-11-30
당구장업,30108-2019-000001,블루당구클럽,30152,세종특별자치시 대평동 63-7 해피라움블루 ,세종특별자치시 대평3길 18 해피라움블루 5층 514호 (대평동),,179,,,,영업중,2019-01-23,,해결,2019-01-23,실내,,,,,Y,,2022-11-30
당구장업,30108-2019-000002,제이제이시그니처당구클럽,30128,세종특별자치시 나성동 800 센트럴타워 ,세종특별자치시 나성북로 21 센트럴타워 401~409호 (나성동),,831,,,,영업중,2019-01-29,2020-04-20,해결,2020-04-20,실내,,,,당구대수 [대] : 13,Y,,2022-11-30
당구장업,30108-2019-000003,007당구장,30083,세종특별자치시 금남면 용포리 212-8 ,세종특별자치시 금남면 용포로 110,,160,,,,영업중,2019-02-12,,해결,2019-02-12,실내,,,,당구대수 [대] : 4,Y,,2022-11-30
당구장업,30108-2019-000004,도담당구클럽,30100,세종특별자치시 도담동 677 해피라움6 ,세종특별자치시 보듬3로 8-29 해피라움6 404405호 (도담동),1609,260,9115,철근콘크리트조,일반상업지역,영업중,2019-07-26,,해결,2019-07-26,실내,,,,당구대수 [대] : 11,Y,,2022-11-30
당구장업,30108-2019-000005,연기당구클럽,30058,세종특별자치시 연기면 연기리 412-1 ,세종특별자치시 연기면 당산로 121 3층,189,164,691,철근콘크리트조,관리지역,영업중,2019-10-02,,해결,2019-10-02,실내,,,,당구대수 [대] : 5,Y,,2022-11-30
당구장업,30108-2019-000006,스마트 빌리아드 클럽,30067,세종특별자치시 연동면 응암리 911 ,세종특별자치시 연동면 명학산단로 4 205호,165,,,철근콘크리트조,일반공업지역,영업중,2019-11-05,,해결,2019-11-05,실외,,,,당구대수 [대] : 6,Y,,2022-11-30
당구장업,30108-2020-000001,애플 대대 당구장,30128,세종특별자치시 나성동 791 애플타워 ,세종특별자치시 나성로 133-15 애플타워 701~704호 (나성동),,,,,,영업중,2020-03-03,,해결,2020-03-03,실내,,,,당구대수 [대] : 6,Y,,2022-11-30
당구장업,30108-2020-000002,퀸당구장,30019,세종특별자치시 조치원읍 서창리 181 ,세종특별자치시 조치원읍 원마루길 31-5 1층,857,158,158,철골조,,영업중,2020-05-28,,해결,2020-05-28,실외,,,,,Y,,2022-11-30
당구장업,30108-2020-000003,블랙홀 당구장,30004,세종특별자치시 전의면 동교리 193-6 지하1층 ,세종특별자치시 전의면 운주산로 1171 지하1층,,147,483,철골콘크리트조,일반주거지역,영업중,2020-06-18,,해결,2020-06-18,실외,,,,,Y,,2022-11-30
당구장업,30108-2020-000004,강남당구장,30083,세종특별자치시 금남면 용포리 194-14 ,세종특별자치시 금남면 용포로 85-3 2층,,183,450,철근콘크리트조,,영업중,2020-09-14,2021-06-16,해결,2021-06-16,실외,,,,당구대수 [대] : 6,Y,,2022-11-30
당구장업,30108-2021-000001,sm당구클럽,30038,세종특별자치시 조치원읍 죽림리 114-1 ,세종특별자치시 조치원읍 세종로 2282 6층 614615616호,4796,280,,철골콘크리트조,준주거지역,영업중,2021-05-03,,해결,2021-05-03,실외,,,,,Y,,2022-11-30
당구장업,30108-2021-000002,당구야 빌리어드클럽,30031,세종특별자치시 조치원읍 신흥리 166-13 202호,세종특별자치시 조치원읍 이화로 40 2층 202호,1285,234,985,철근콘크리트조,,영업중,2021-07-22,,해결,2021-07-22,실내,,,,,Y,,2022-11-30
썰매장업,30109-2019-000001,(주)잭슨나인스 세종 썰매장,30128,세종특별자치시 나성동 361-50 퍼스트원 ,세종특별자치시 나성북로 30 퍼스트원 4층 405~408호 (나성동),0,207,,,,영업중,2019-08-19,,해결,2019-08-19,실내,,,,슬로프규모(L) [m] : 12M 슬로프규모(B) [m] : 3M,Y,,2022-11-30
무도학원업,30111-2019-000001,조치원 무도학원,30024,세종특별자치시 조치원읍 교리 22-7 ,세종특별자치시 조치원읍 조치원5길 34-12 3층,390,99,,철골콘크리트조,일반상업지역,영업중,2019-12-26,2021-06-21,해결,2021-06-21,실내,,,,,Y,,2022-11-30
무도학원업,30111-2021-000001,조치원 세종무도학원,30023,세종특별자치시 조치원읍 원리 9-26 4층 ,세종특별자치시 조치원읍 조치원1길 6 4층,277,181,,철골콘크리트조,일반상업지역,영업중,2021-06-14,,해결,2021-06-14,실외,,,,,Y,,2022-11-30
빙상장업,30124-2019-000001,(주)잭슨나인스 세종 스노우파크,30128,세종특별자치시 나성동 361-50 퍼스트원 ,세종특별자치시 나성북로 30 퍼스트원 4층 401~404 419~426호 (나성동),,520,,,,영업중,2019-08-19,,해결,2019-08-19,실내,,,,,Y,,2022-11-30
승마장업,30125-2011-000001,세종승마클럽,,세종특별자치시 연서면 월하리 663-6 ,세종특별자치시 연서면 세종로 2156-9,4550,1120,675,경량철골조,자연녹지지역,영업중,2011-05-09,2014-06-16,해결,2017-04-18,실외,,,1,마장실내면적 [제곱미터] : 675 마장실외면적 [제곱미터] : 1120,Y,,2022-11-30
종합체육시설업,30126-2015-000001,코오롱글로벌(주) 스포렉스 세종점,30100,세종특별자치시 아름동 204-3 ,세종특별자치시 보듬3로 126 (아름동),,2875,,,,영업중,2015-05-26,,해결,2015-05-26,실내,,2,2,,Y,,2022-11-30
가상체험 체육시설업,30128-2020-000001,(SG)골프 세종 법원점,30148,세종특별자치시 소담동 산 7 레전드타워 ,세종특별자치시 소담로 70 레전드타워 211-12212213-12214호 (소담동),,381,17954,,,영업중,2020-01-21,,해결,2020-01-21,실외,,,,,Y,골프종목,2022-11-30
가상체험 체육시설업,30128-2020-000002,스트라이크존 세종 도담점,30100,세종특별자치시 도담동 673 다옴프라자 ,세종특별자치시 보듬3로 8-21 다옴프라자 2층 206 207호 (도담동),1344,221,7853,철근콘크리트조,근린상업지역,영업중,2020-04-28,,해결,2020-04-28,실내,,,,,Y,야구종목,2022-11-30
가상체험 체육시설업,30128-2020-000003,나사스크린 골프연습장,30147,세종특별자치시 반곡동 308 알파타워 ,세종특별자치시 국책연구원2로 18 알파타워 303304306307호 (반곡동),,460,,,,영업중,2020-05-21,2021-09-30,해결,2021-09-30,실내,,,,,Y,골프종목,2022-11-30
가상체험 체육시설업,30128-2020-000004,friend screen 골프,30152,세종특별자치시 대평동 63-12 센트럴테라스 ,세종특별자치시 대평4길 17 센트럴테라스 204~207호 (대평동),,323,,,,영업중,2020-06-26,2021-03-29,해결,2021-03-29,실내,,,,,Y,골프종목,2022-11-30
가상체험 체육시설업,30128-2020-000005,뱅크 골프존파크,30121,세종특별자치시 어진동 686 뱅크빌딩 ,세종특별자치시 한누리대로 350 뱅크빌딩 1동 지하 1층 (어진동),,362,,철근콘크리트조,중심상업지역,영업중,2020-07-28,,해결,2020-07-28,실내,,,,,Y,골프종목,2022-11-30
가상체험 체육시설업,30128-2020-000006,골프존파크(연기에이스스크린점),30057,세종특별자치시 연기면 수산리 87-3 ,세종특별자치시 연기면 조뱅이길 76-23 1층,,445,,,,영업중,2020-08-04,,해결,2020-08-04,실내,,,,,Y,골프종목,2022-11-30
가상체험 체육시설업,30128-2020-000007,이지골프,30055,세종특별자치시 장군면 봉안리 38 ,세종특별자치시 장군면 당암길 42 102~103호,,228,2455,철근콘크리트조,,영업중,2020-09-08,,해결,2020-09-08,실내,,,,,Y,골프종목,2022-11-30
가상체험 체육시설업,30128-2020-000008,뷰 스크린 골프,30055,세종특별자치시 장군면 봉안리 38 ,세종특별자치시 장군면 당암길 42 104105호,,285,2455,철근콘크리트조,,영업중,2020-09-08,2021-09-16,해결,2021-09-16,실외,,,,,Y,골프종목,2022-11-30
가상체험 체육시설업,30128-2020-000009,GDR아카데미세종아름점,30100,세종특별자치시 아름동 1327 마드리드R ,세종특별자치시 아름서1길 13-1 201~215호 (아름동),,765,,철근콘크리트조,일반상업지역,영업중,2020-10-30,,해결,2020-10-30,실내,,1,,,Y,골프종목,2022-11-30
가상체험 체육시설업,30128-2020-000010,골프존파크 보람점,30150,세종특별자치시 보람동 700-76 위너스타워 ,세종특별자치시 남세종로 462 위너스타워 201202-1호 (보람동),1296,300,7555,철근콘크리트조,일반상업지역,영업중,2020-11-09,,해결,2020-11-09,실내,,,,,Y,골프종목,2022-11-30
가상체험 체육시설업,30128-2020-000011,골프존파크 세종점,30150,세종특별자치시 보람동 700-76 위너스타워 ,세종특별자치시 남세종로 462 위너스타워 204호 (보람동),1296,214,7555,철근콘크리트조,일반상업지역,영업중,2020-11-09,,해결,2020-11-09,실내,,,,,Y,골프종목,2022-11-30
가상체험 체육시설업,30128-2020-000012,골프존파크 어진청사점,30103,세종특별자치시 어진동 549 청암빌딩 ,세종특별자치시 한누리대로 492 청암빌딩 205호 (어진동),,1066,,,,영업중,2020-11-27,2021-08-23,해결,2021-08-24,실내,,,,,Y,골프종목,2022-11-30
가상체험 체육시설업,30128-2020-000013,골프존파크 어진청사점,30103,세종특별자치시 어진동 549 청암빌딩 ,세종특별자치시 한누리대로 492 청암빌딩 204호 (어진동),1927,279,15842,,,영업중,2020-11-27,2021-10-13,해결,2021-10-13,실내,,,,,Y,골프종목,2022-11-30
가상체험 체육시설업,30128-2020-000014,프렌즈스크린명품고운점,30101,세종특별자치시 고운동 2100 명품프라자 ,세종특별자치시 만남로 136 명품프라자 301~305호 (고운동),,343,,,,영업중,2020-12-08,,해결,2020-12-08,실내,,,,,Y,골프종목,2022-11-30
가상체험 체육시설업,30128-2020-000015,명품스크린골프연습장,30101,세종특별자치시 고운동 산 167 명품프라자 ,세종특별자치시 만남로 136 명품프라자 401~403호 (고운동),,201,,,,영업중,2020-12-08,,해결,2020-12-08,실내,,,,,Y,골프종목,2022-11-30
가상체험 체육시설업,30128-2021-000001,골프존파크 아름마드리드 골프존,30100,세종특별자치시 아름동 1328 마드리드A ,세종특별자치시 아름서1길 13-5 마드리드A 201~211호 (아름동),,695,,,,영업중,2021-01-20,,해결,2021-01-20,실내,,,,,Y,골프종목,2022-11-30
가상체험 체육시설업,30128-2021-000002,나성스크린골프,30129,세종특별자치시 나성동 782 하해빌딩 ,세종특별자치시 나성로 41 하해빌딩 7층 703~707호 (나성동),1444,995,11537,철골콘크리트조,중심상업지역,영업중,2021-01-28,,해결,2021-01-28,실내,,,,,Y,골프종목,2022-11-30
가상체험 체육시설업,30128-2021-000003,이성용의 골프서당,30150,세종특별자치시 보람동 751 골드타워 ,세종특별자치시 호려울로 51 골드타워 804호 (보람동),1950,124,14781,철근콘크리트조,상업지역,영업중,2021-03-30,,해결,2021-03-30,실내,,,,,Y,골프종목,2022-11-30
가상체험 체육시설업,30128-2021-000004,뱅크스크린골프연습장,30121,세종특별자치시 어진동 686 뱅크빌딩 ,세종특별자치시 한누리대로 350 뱅크빌딩 3층 301호 (어진동),3874,867,35079,철골콘크리트조,중심상업지역,영업중,2021-09-23,,해결,2021-09-23,실내,1,,,,Y,골프종목,2022-11-30
가상체험 체육시설업,30128-2021-000005,구스트 스튜디오,30116,세종특별자치시 어진동 540 세종NS호텔 ,세종특별자치시 도움1로 7 세종NS호텔 204~207호 (어진동),6174,944,41838,철골콘크리트조,중심상업지역,영업중,2021-09-30,,해결,2021-09-30,실외,,,,,Y,골프종목,2022-11-30
체육교습업,30129-2021-000001,세종스포츠아카데미,30055,세종특별자치시 장군면 봉안리 216-17 ,세종특별자치시 장군면 월현윗길 56,739,290,290,철골조,관리지역,영업중,2021-01-19,,해결,2021-01-19,실내,,1,,,Y,,2022-11-30
체육교습업,30129-2021-000002,에프씨 세종,30123,세종특별자치시 다정동 938 리치타워 ,세종특별자치시 다정중앙로 40 리치타워 401-403호 (다정동),1630,235,11418,철골콘크리트조,근린상업지역,영업중,2021-01-26,,해결,2021-01-26,실내,,1,,,Y,,2022-11-30
체육교습업,30129-2021-000003,레인보우 음악줄넘기,30063,세종특별자치시 고운동 1722 에이스프라자 ,세종특별자치시 고운서길 13 에이스프라자 204호 (고운동),,194,,,,영업중,2021-03-02,,해결,2021-03-02,실내,,,,,Y,,2022-11-30
체육교습업,30129-2021-000004,바람개비 인라인스쿨 소담점,30147,세종특별자치시 반곡동 308 알파타워 ,세종특별자치시 국책연구원2로 18 알파타워 606~608호 (반곡동),2009,275,12655,철근콘크리트조,일반상업지역,영업중,2021-03-17,,해결,2021-03-17,실내,,,,,Y,,2022-11-30
체육교습업,30129-2021-000005,바람개비,30100,세종특별자치시 아름동 1316 송남빌딩 ,세종특별자치시 보듬3로 154 송남빌딩 502호 (아름동),,384,,,,영업중,2021-03-19,,해결,2021-03-19,실내,,1,,,Y,,2022-11-30
체육교습업,30129-2021-000006,세종글로벌유소년풋볼클럽,30064,세종특별자치시 종촌동 672 메가시티 ,세종특별자치시 도움1로 106 메가시티 314315호 (종촌동),,396,,,,영업중,2021-05-07,,해결,2021-05-07,실내,,1,,,Y,,2022-11-30
체육교습업,30129-2021-000007,슬기로운 아카데미,30084,세종특별자치시 금남면 영곡리 371-2 ,세종특별자치시 금남면 성덕영곡길 146-39,812,272,272,철골콘크리트조,관리지역,영업중,2021-06-03,,해결,2021-06-03,실외,1,,,,Y,,2022-11-30
체육교습업,30129-2021-000008,세종 KBA 농구교실,30080,세종특별자치시 금남면 부용리 427-7 ,세종특별자치시 금남면 금병로 905,2063,260,260,철골콘크리트조,보전녹지지역,영업중,2021-07-07,,해결,2021-07-07,실내,,,,,Y,,2022-11-30
체육교습업,30129-2021-000009,챔피언 축구교실,30018,세종특별자치시 조치원읍 서창리 298-6 ,세종특별자치시 조치원읍 돌마루3길 3,,1089,55,철근콘크리트조,,영업중,2021-07-14,,해결,2021-07-14,실외,1,,,,Y,,2022-11-30
체육교습업,30129-2021-000010,줄넘기아카데미,30064,세종특별자치시 종촌동 673 몰리브(Mallive) ,세종특별자치시 도움1로 108 몰리브(Mallive) (종촌동),,154,,,,영업중,2021-07-26,,해결,2021-07-26,실내,,,,,Y,,2022-11-30
체육교습업,30129-2021-000011,주식회사 세종스포츠센터,30055,세종특별자치시 장군면 봉안리 386-1 ,세종특별자치시 장군면 봉안길 72,1782,710,1570,철골조,관리지역,영업중,2021-09-07,,해결,2021-09-07,실내,,,,,Y,,2022-11-30
